범죄, 범죄, 2011, 2011, 2011, 2011, 2011, 2011, 2011, 2011, 2011, 2011, 2011, 2011, 2011, 2011, 2011, 2011, 2011, 2011, 2011, 2011, 2011, 2011, 2011, 2011, 2011, 2011, 2011, 2012, 2012, 2012, 2012, 2012, 2012, 2012, 2012, 2012, 2012, 2012, 2012, 2012, 2012, 2012, 2012, 2012, 2012, 2012, 2012, 2012, 2012, 2012, 2012, 2012, 2012, 2012, 2013, 2013, 2013, 2013, 2013, 2013, 2013, 2013, 2013, 2013, 2013, 2013, 2013, 2013, 2013, 2013, 2013, 2013, 2013, 2013, 2013, 2013, 2013, 2013, 2013, 2013, 2013, 2014, 2014, 2014, 2014, 2014, 2014, 2014, 2014, 2014, 2014, 2014, 2014, 2014, 2014, 2014, 2014, 2014, 2014, 2014, 2014, 2014, 2014, 2014, 2014, 2014, 2014, 2014,
범죄, 범죄, 계, 계, 계, 계, 계, 계, 계, 계, 계, 계, 계, 계, 계, 계, 계, 계, 계, 계, 계, 계, 계, 계, 계, 계, 계, 계, 계, 계, 계, 계, 계, 계, 계, 계, 계, 계, 계, 계, 계, 계, 계, 계, 계, 계, 계, 계, 계, 계, 계, 계, 계, 계, 계, 계, 계, 계, 계, 계, 계, 계, 계, 계, 계, 계, 계, 계, 계, 계, 계, 계, 계, 계, 계, 계, 계, 계, 계, 계, 계, 계, 계, 계, 계, 계, 계, 계, 계, 계, 계, 계, 계, 계, 계, 계, 계, 계, 계, 계, 계, 계, 계, 계, 계, 계, 계, 계, 계, 계,
범죄, 범죄, 불취학, 초등학교(소계), 초등학교(소계), 초등학교(소계), 초등학교(소계), 중학교(소계)  , 중학교(소계)  , 중학교(소계)  , 중학교(소계)  , 고등학교(소계), 고등학교(소계), 고등학교(소계), 고등학교(소계), 대학(4년미만_소계), 대학(4년미만_소계), 대학(4년미만_소계), 대학(4년미만_소계), 대학(4년제이상_소계), 대학(4년제이상_소계), 대학(4년제이상_소계), 대학(4년제이상_소계), 대학원(소계), 대학원(소계), 대학원(소계), 대학원(소계), 기타, 미상, 불취학, 초등학교(소계), 초등학교(소계), 초등학교(소계), 초등학교(소계), 중학교(소계)  , 중학교(소계)  , 중학교(소계)  , 중학교(소계)  , 고등학교(소계), 고등학교(소계), 고등학교(소계), 고등학교(소계), 대학(4년미만_소계), 대학(4년미만_소계), 대학(4년미만_소계), 대학(4년미만_소계), 대학(4년제이상_소계), 대학(4년제이상_소계), 대학(4년제이상_소계), 대학(4년제이상_소계), 대학원(소계), 대학원(소계), 대학원(소계), 대학원(소계), 기타, 미상, 불취학, 초등학교(소계), 초등학교(소계), 초등학교(소계), 초등학교(소계), 중학교(소계)  , 중학교(소계)  , 중학교(소계)  , 중학교(소계)  , 고등학교(소계), 고등학교(소계), 고등학교(소계), 고등학교(소계), 대학(4년미만_소계), 대학(4년미만_소계), 대학(4년미만_소계), 대학(4년미만_소계), 대학(4년제이상_소계), 대학(4년제이상_소계), 대학(4년제이상_소계), 대학(4년제이상_소계), 대학원(소계), 대학원(소계), 대학원(소계), 대학원(소계), 기타, 미상, 불취학, 초등학교(소계), 초등학교(소계), 초등학교(소계), 초등학교(소계), 중학교(소계)  , 중학교(소계)  , 중학교(소계)  , 중학교(소계)  , 고등학교(소계), 고등학교(소계), 고등학교(소계), 고등학교(소계), 대학(4년미만_소계), 대학(4년미만_소계), 대학(4년미만_소계), 대학(4년미만_소계), 대학(4년제이상_소계), 대학(4년제이상_소계), 대학(4년제이상_소계), 대학(4년제이상_소계), 대학원(소계), 대학원(소계), 대학원(소계), 대학원(소계), 기타, 미상,
범죄, 범죄, 불취학, 초등학교(소계), 재중, 중퇴, 졸업, 중학교(소계)  , 재중, 중퇴, 졸업, 고등학교(소계), 재중, 중퇴, 졸업, 대학(4년미만_소계), 재중, 중퇴, 졸업, 대학(4년제이상_소계), 재중, 중퇴, 졸업, 대학원(소계), 재중, 중퇴, 졸업, 기타, 미상, 불취학, 초등학교(소계), 재중, 중퇴, 졸업, 중학교(소계)  , 재중, 중퇴, 졸업, 고등학교(소계), 재중, 중퇴, 졸업, 대학(4년미만_소계), 재중, 중퇴, 졸업, 대학(4년제이상_소계), 재중, 중퇴, 졸업, 대학원(소계), 재중, 중퇴, 졸업, 기타, 미상, 불취학, 초등학교(소계), 재중, 중퇴, 졸업, 중학교(소계)  , 재중, 중퇴, 졸업, 고등학교(소계), 재중, 중퇴, 졸업, 대학(4년미만_소계), 재중, 중퇴, 졸업, 대학(4년제이상_소계), 재중, 중퇴, 졸업, 대학원(소계), 재중, 중퇴, 졸업, 기타, 미상, 불취학, 초등학교(소계), 재중, 중퇴, 졸업, 중학교(소계)  , 재중, 중퇴, 졸업, 고등학교(소계), 재중, 중퇴, 졸업, 대학(4년미만_소계), 재중, 중퇴, 졸업, 대학(4년제이상_소계), 재중, 중퇴, 졸업, 대학원(소계), 재중, 중퇴, 졸업, 기타, 미상
강력범죄, 강력범죄(소계), 152, 1273, 10, 295, 968, 2839, 483, 838, 1518, 9581, 1329, 1529, 6723, 1133, 171, 172, 790, 3118, 735, 378, 2005, 484, , , , 880, 5886, 170, 1316, 12, 306, 998, 2720, 620, 727, 1373, 9014, 1549, 1316, 6149, 1102, 147, 148, 807, 3382, 922, 438, 2022, 461, 125, 38, 298, 514, 5110, 221, 1506, 3, 339, 1164, 2892, 545, 764, 1583, 9321, 1255, 1285, 6781, 1366, 183, 182, 1001, 4154, 971, 574, 2609, 602, 166, 46, 390, 381, 4908, 184, 1539, 2, 368, 1169, 2688, 480, 638, 1570, 9222, 1123, 1122, 6977, 1431, 174, 180, 1077, 4517, 1051, 576, 2890, 682, 150, 56, 476, 356, 4446,
강력범죄, 살인(기수), 4, 44, 0, 7, 37, 58, 1, 19, 38, 160, 5, 21, 134, 20, 1, 4, 15, 29, 5, 7, 17, 8, , , , 18, 108, 5, 50, 0, 14, 36, 46, 1, 12, 33, 180, 5, 32, 143, 19, 2, 4, 13, 37, 7, 6, 24, 4, 0, 0, 4, 12, 93, 9, 47, 0, 11, 36, 38, 0, 11, 27, 129, 2, 17, 110, 20, 0, 5, 15, 35, 5, 7, 23, 6, 1, 1, 4, 5, 88, 6, 44, 0, 12, 32, 46, 2, 15, 29, 151, 5, 19, 127, 21, 0, 1, 20, 42, 4, 11, 27, 4, 2, 0, 2, 1, 132,
강력범죄, 살인(미수등), 13, 87, 0, 23, 64, 119, 0, 39, 80, 337, 3, 45, 289, 30, 0, 7, 23, 59, 10, 15, 34, 14, , , , 53, 124, 9, 57, 0, 19, 38, 109, 0, 35, 74, 261, 6, 52, 203, 17, 1, 3, 13, 55, 2, 16, 37, 1, 0, 0, 1, 18, 83, 15, 82, 0, 27, 55, 121, 5, 29, 87, 219, 10, 32, 177, 32, 1, 7, 24, 47, 8, 10, 29, 2, 1, 1, 0, 13, 89, 10, 71, 0, 23, 48, 108, 0, 32, 76, 204, 3, 30, 171, 20, 0, 2, 18, 49, 7, 13, 29, 3, 0, 0, 3, 15, 95,
강력범죄, 강도, 22, 186, 3, 45, 138, 851, 125, 329, 397, 2462, 367, 621, 1474, 168, 38, 43, 87, 340, 91, 78, 171, 51, , , , 204, 606, 11, 145, 0, 37, 108, 561, 88, 229, 244, 1742, 347, 438, 957, 104, 21, 22, 61, 245, 75, 64, 106, 30, 16, 5, 9, 107, 377, 10, 97, 0, 16, 81, 541, 99, 221, 221, 1213, 154, 315, 744, 105, 15, 24, 66, 228, 67, 58, 103, 23, 8, 4, 11, 42, 334, 16, 86, 0, 26, 60, 346, 50, 137, 159, 1066, 144, 230, 692, 108, 18, 23, 67, 174, 37, 56, 81, 12, 3, 5, 4, 18, 252,
강력범죄, 강간·강제추행, 89, 804, 4, 181, 619, 1535, 300, 373, 862, 5994, 890, 752, 4352, 873, 128, 114, 631, 2587, 610, 261, 1716, 400, , , , 539, 4831, 128, 907, 8, 196, 703, 1762, 441, 406, 915, 6200, 1118, 720, 4362, 916, 118, 111, 687, 2944, 815, 331, 1798, 420, 109, 31, 280, 335, 4400, , , , , , , , , , , , , , , , , , , , , , , , , , , , , , , , , , , , , , , , , , , , , , , , , , , , , , ,
강력범죄, 강간, , , , , , , , , , , , , , , , , , , , , , , , , , , , , , , , , , , , , , , , , , , , , , , , , , , , , , , 45, 236, 0, 55, 181, 536, 111, 161, 264, 2112, 378, 326, 1408, 319, 65, 44, 210, 885, 295, 129, 461, 114, 38, 8, 68, 62, 1547, 24, 224, 2, 56, 166, 520, 119, 133, 268, 1982, 332, 317, 1333, 335, 54, 49, 232, 855, 288, 135, 432, 108, 32, 10, 66, 61, 1408,
강력범죄, 유사강간, , , , , , , , , , , , , , , , , , , , , , , , , , , , , , , , , , , , , , , , , , , , , , , , , , , , , , , 0, 7, 0, 4, 3, 25, 8, 3, 14, 52, 7, 6, 39, 10, 2, 1, 7, 24, 9, 1, 14, 5, 0, 0, 5, 0, 13, 1, 26, 0, 5, 21, 49, 17, 15, 17, 144, 39, 16, 89, 29, 7, 0, 22, 63, 24, 10, 29, 9, 2, 1, 6, 4, 64,
강력범죄, 강제추행, , , , , , , , , , , , , , , , , , , , , , , , , , , , , , , , , , , , , , , , , , , , , , , , , , , , , , , 108, 734, 2, 147, 585, 1138, 200, 228, 710, 4130, 410, 370, 3350, 724, 78, 76, 570, 2577, 491, 304, 1782, 406, 105, 29, 272, 216, 2463, 88, 859, 0, 186, 673, 1204, 202, 208, 794, 4558, 418, 338, 3802, 799, 79, 82, 638, 3011, 613, 292, 2106, 514, 104, 38, 372, 215, 2152,
강력범죄, 기타(강간·강제추행), , , , , , , , , , , , , , , , , , , , , , , , , , , , , , , , , , , , , , , , , , , , , , , , , , , , , , , 10, 117, 0, 32, 85, 248, 69, 67, 112, 911, 241, 153, 517, 105, 20, 18, 67, 229, 70, 39, 120, 30, 9, 2, 19, 19, 218, 8, 71, 0, 18, 53, 157, 26, 46, 85, 489, 115, 84, 290, 71, 10, 17, 44, 174, 50, 32, 92, 24, 7, 2, 15, 19, 180,
강력범죄, 방화, 24, 152, 3, 39, 110, 276, 57, 78, 141, 628, 64, 90, 474, 42, 4, 4, 34, 103, 19, 17, 67, 11, , , , 66, 217, 17, 157, 4, 40, 113, 242, 90, 45, 107, 631, 73, 74, 484, 46, 5, 8, 33, 101, 23, 21, 57, 6, 0, 2, 4, 42, 157, 24, 186, 1, 47, 138, 245, 53, 44, 148, 555, 53, 66, 436, 51, 2, 7, 42, 129, 26, 26, 77, 16, 4, 1, 11, 24, 156, 31, 158, 0, 42, 116, 258, 64, 52, 142, 628, 67, 88, 473, 48, 6, 6, 36, 149, 28, 27, 94, 8, 0, 0, 8, 23, 163,
절도범죄, , 1270, 6607, 66, 1539, 5002, 22199, 9487, 5456, 7256, 48522, 12288, 8515, 27719, 4260, 972, 551, 2737, 9843, 3467, 1316, 5060, 1160, , , , 4087, 13442, 1173, 6030, 43, 1419, 4568, 23027, 10957, 5434, 6636, 46845, 14330, 8313, 24202, 4056, 835, 524, 2697, 10212, 3815, 1365, 5032, 1017, 333, 115, 569, 2348, 9726, 1295, 6434, 15, 1476, 4943, 22095, 9338, 5317, 7440, 44621, 11810, 7898, 24913, 4204, 705, 556, 2943, 10723, 3308, 1686, 5729, 1162, 360, 139, 663, 1360, 10764, 1381, 6676, 56, 1570, 5050, 18632, 7624, 3923, 7085, 40668, 9759, 6300, 24609, 4112, 650, 545, 2917, 11146, 3240, 1670, 6236, 1233, 357, 136, 740, 1325, 10472,
폭력범죄, 폭력범죄(소계), 2447, 17832, 54, 2988, 14790, 35975, 5944, 7253, 22778, 142572, 9356, 13597, 119619, 15081, 2163, 1632, 11286, 39157, 8229, 5441, 25487, 4667, , , , 14017, 120294, 2763, 18524, 57, 3335, 15132, 40070, 8669, 8059, 23342, 147419, 14654, 14053, 118712, 16060, 2235, 1661, 12164, 43647, 10202, 5912, 27533, 5021, 1044, 459, 3518, 9710, 117068, 2628, 17854, 9, 3215, 14630, 34692, 4261, 7220, 23211, 129270, 8446, 12335, 108489, 15588, 1690, 1671, 12227, 41683, 8241, 6143, 27299, 4856, 926, 428, 3502, 5411, 117931, 2553, 16726, 20, 3030, 13676, 31565, 3783, 6367, 21415, 121001, 7156, 11427, 102418, 14871, 1566, 1611, 11694, 40376, 7686, 6236, 26454, 4857, 897, 446, 3514, 4920, 121406,
폭력범죄, 상해, 834, 6011, 10, 1009, 4992, 9590, 602, 1825, 7163, 40179, 1350, 3484, 35345, 4612, 552, 458, 3602, 11177, 2091, 1581, 7505, 1428, , , , 3989, 11318, 968, 6046, 6, 1071, 4969, 9459, 593, 1899, 6967, 38093, 1630, 3324, 33139, 4630, 504, 469, 3657, 11880, 2322, 1744, 7814, 1500, 280, 141, 1079, 2576, 9698, 795, 5522, 2, 955, 4565, 8677, 394, 1785, 6498, 33049, 1170, 2892, 28987, 4341, 419, 464, 3458, 11078, 2019, 1680, 7379, 1349, 244, 117, 988, 1294, 9101, 723, 4825, 4, 846, 3975, 7698, 368, 1555, 5775, 29021, 1046, 2701, 25274, 4021, 409, 426, 3186, 10126, 1836, 1621, 6669, 1293, 231, 96, 966, 1198, 7980,
폭력범죄, 폭행, 788, 5949, 12, 991, 4946, 9367, 371, 1872, 7124, 41386, 1107, 3452, 36827, 4148, 403, 461, 3284, 11958, 1706, 1743, 8509, 1538, , , , 4198, 82450, 909, 6243, 10, 1124, 5109, 10683, 1049, 2165, 7469, 43931, 2821, 3514, 37596, 4533, 466, 439, 3628, 13901, 2705, 1847, 9349, 1654, 314, 144, 1196, 3144, 82977, 990, 6242, 2, 1127, 5113, 10577, 562, 2207, 7808, 41945, 1665, 3499, 36781, 4785, 376, 482, 3927, 14046, 2048, 2068, 9930, 1699, 270, 162, 1267, 1848, 84205, 965, 6201, 4, 1136, 5061, 10115, 549, 2046, 7520, 41474, 1504, 3470, 36500, 4822, 389, 475, 3958, 14375, 2128, 2160, 10087, 1768, 287, 165, 1316, 1747, 89699,
폭력범죄, 체포·감금, 7, 37, 0, 1, 36, 64, 2, 16, 46, 278, 6, 33, 239, 32, 4, 4, 24, 92, 15, 14, 63, 26, , , , 39, 394, 2, 32, 0, 2, 30, 75, 3, 29, 43, 330, 12, 40, 278, 45, 4, 3, 38, 122, 18, 17, 87, 20, 2, 3, 15, 9, 478, 3, 40, 0, 5, 35, 71, 0, 15, 56, 316, 9, 26, 281, 39, 3, 2, 34, 116, 12, 13, 91, 19, 2, 1, 16, 8, 474, 5, 30, 0, 6, 24, 74, 1, 17, 56, 307, 3, 28, 276, 35, 2, 5, 28, 99, 14, 14, 71, 19, 0, 2, 17, 15, 534,
폭력범죄, 협박, 21, 172, 0, 25, 147, 257, 17, 49, 191, 980, 28, 72, 880, 127, 6, 14, 107, 348, 23, 53, 272, 54, , , , 116, 1780, 29, 222, 1, 45, 176, 360, 52, 64, 244, 1346, 82, 125, 1139, 134, 6, 16, 112, 476, 44, 70, 362, 68, 8, 6, 54, 92, 2005, 16, 202, 0, 38, 164, 361, 22, 81, 258, 1267, 45, 107, 1115, 151, 5, 15, 131, 475, 35, 84, 356, 87, 6, 5, 76, 41, 2082, 20, 216, 0, 35, 181, 337, 27, 60, 250, 1359, 50, 139, 1170, 159, 3, 18, 138, 510, 44, 74, 392, 96, 12, 9, 75, 57, 2406,
폭력범죄, 약취·유인, 4, 16, 0, 2, 14, 29, 1, 10, 18, 110, 3, 16, 91, 17, 5, 1, 11, 38, 5, 6, 27, 3, , , , 16, 107, 3, 14, 0, 6, 8, 34, 0, 15, 19, 94, 1, 13, 80, 10, 2, 2, 6, 29, 3, 9, 17, 2, 1, 0, 1, 3, 81, 3, 11, 0, 2, 9, 16, 1, 4, 11, 74, 10, 12, 52, 12, 1, 4, 7, 32, 3, 5, 24, 10, 2, 2, 6, 2, 100, 3, 14, 0, 4, 10, 24, 1, 9, 14, 70, 1, 8, 61, 15, 2, 2, 11, 37, 5, 8, 24, 4, 1, 0, 3, 6, 79,
폭력범죄, 폭력행위, 474, 3712, 28, 601, 3083, 12939, 4394, 2627, 5918, 46247, 6193, 5173, 34881, 4713, 1054, 558, 3101, 11511, 3828, 1547, 6136, 1086, , , , 4207, 18534, 537, 3866, 21, 688, 3157, 14742, 5820, 2872, 6050, 48801, 8732, 5484, 34585, 5120, 1131, 580, 3409, 12698, 4407, 1621, 6670, 1202, 346, 115, 741, 2851, 16439, 479, 3707, 2, 669, 3036, 11126, 2788, 2285, 6053, 39602, 4916, 4490, 30196, 4603, 770, 557, 3276, 11354, 3437, 1651, 6266, 1102, 313, 104, 685, 1641, 16244, 460, 3330, 12, 614, 2704, 9743, 2510, 1936, 5297, 35336, 4055, 3836, 27445, 4040, 609, 491, 2940, 10230, 2970, 1625, 5635, 1013, 268, 116, 629, 1323, 14638,
폭력범죄, 공갈, 7, 71, 1, 21, 49, 955, 480, 280, 195, 1417, 444, 344, 629, 81, 8, 9, 64, 184, 28, 37, 119, 26, , , , 114, 931, 9, 139, 4, 27, 108, 1606, 1013, 333, 260, 2499, 1051, 476, 972, 98, 16, 14, 68, 245, 35, 44, 166, 22, 3, 5, 14, 55, 782, 14, 71, 2, 18, 51, 695, 368, 178, 149, 1257, 354, 269, 634, 62, 7, 10, 45, 225, 29, 40, 156, 39, 2, 5, 32, 37, 789, 12, 135, 0, 24, 111, 615, 243, 141, 231, 1465, 260, 240, 965, 111, 8, 19, 84, 312, 34, 63, 215, 38, 1, 4, 33, 50, 936,
폭력범죄, 손괴, 312, 1864, 3, 338, 1523, 2774, 77, 574, 2123, 11975, 225, 1023, 10727, 1351, 131, 127, 1093, 3849, 533, 460, 2856, 506, , , , 1338, 4780, 306, 1962, 15, 372, 1575, 3111, 139, 682, 2290, 12325, 325, 1077, 10923, 1490, 106, 138, 1246, 4296, 668, 560, 3068, 553, 90, 45, 418, 980, 4608, 328, 2059, 1, 401, 1657, 3169, 126, 665, 2378, 11760, 277, 1040, 10443, 1595, 109, 137, 1349, 4357, 658, 602, 3097, 551, 87, 32, 432, 540, 4936, 365, 1975, 0, 365, 1610, 2959, 84, 603, 2272, 11969, 237, 1005, 10727, 1668, 144, 175, 1349, 4687, 655, 671, 3361, 626, 97, 54, 475, 524, 5134,
지능범죄, 지능범죄(소계), 631, 6111, 10, 939, 5162, 12802, 582, 3297, 8923, 71966, 3417, 6925, 61624, 6528, 403, 770, 5355, 20273, 1724, 3124, 15425, 3116, , , , 6214, 201758, 605, 6303, 7, 959, 5337, 13431, 934, 3288, 9209, 69823, 4902, 6778, 58143, 6870, 411, 805, 5654, 21267, 1923, 3684, 15660, 3122, 258, 327, 2537, 4232, 154590, 711, 6766, 2, 1065, 5699, 14959, 882, 3772, 10305, 71514, 4435, 8022, 59057, 7848, 424, 1006, 6418, 24208, 2042, 4664, 17502, 3404, 272, 406, 2726, 2446, 172169, 699, 6525, 14, 994, 5517, 15327, 870, 3633, 10824, 72133, 4216, 7471, 60446, 7837, 332, 976, 6529, 25017, 2219, 4770, 18028, 3532, 334, 409, 2789, 2763, 152266,
지능범죄, 직무유기, 0, 0, 0, 0, 0, 2, 0, 0, 2, 51, 0, 0, 51, 17, 0, 0, 17, 95, 1, 3, 91, 20, , , , 0, 484, 0, 2, 0, 0, 2, 4, 0, 1, 3, 44, 0, 1, 43, 23, 0, 0, 23, 96, 0, 2, 94, 10, 0, 0, 10, 9, 635, 0, 1, 0, 0, 1, 3, 0, 1, 2, 43, 0, 0, 43, 10, 1, 0, 9, 94, 1, 6, 87, 9, 0, 0, 9, 4, 638, 1, 1, 0, 0, 1, 1, 0, 0, 1, 26, 0, 0, 26, 14, 0, 0, 14, 82, 0, 6, 76, 14, 1, 1, 12, 0, 662,
지능범죄, 직권남용, 0, 0, 0, 0, 0, 0, 0, 0, 0, 25, 0, 0, 25, 2, 0, 0, 2, 55, 1, 2, 52, 8, , , , 2, 265, 0, 2, 0, 2, 0, 1, 0, 0, 1, 33, 0, 0, 33, 5, 0, 0, 5, 39, 1, 1, 37, 6, 0, 1, 5, 1, 322, 0, 0, 0, 0, 0, 2, 0, 0, 2, 32, 0, 0, 32, 12, 0, 1, 11, 61, 0, 3, 58, 7, 0, 1, 6, 1, 408, 0, 0, 0, 0, 0, 1, 0, 1, 0, 24, 0, 0, 24, 5, 0, 0, 5, 50, 1, 5, 44, 18, 0, 0, 18, 3, 494,
지능범죄, 증수뢰, 2, 11, 0, 0, 11, 27, 0, 5, 22, 394, 0, 10, 384, 68, 2, 0, 66, 375, 6, 17, 352, 70, , , , 52, 240, 1, 11, 0, 0, 11, 19, 0, 3, 16, 238, 1, 6, 231, 45, 1, 0, 44, 255, 4, 9, 242, 61, 5, 1, 55, 20, 182, 1, 13, 0, 2, 11, 24, 0, 2, 22, 198, 0, 3, 195, 54, 0, 0, 54, 278, 0, 12, 266, 71, 4, 0, 67, 0, 216, 5, 9, 0, 3, 6, 19, 0, 2, 17, 187, 0, 8, 179, 64, 0, 3, 61, 300, 3, 8, 289, 53, 2, 0, 51, 8, 203,
지능범죄, 통화, 0, 0, 0, 0, 0, 17, 6, 6, 5, 50, 12, 11, 27, 3, 1, 1, 1, 11, 1, 2, 8, 0, , , , 2, 38, 0, 8, 0, 1, 7, 22, 5, 5, 12, 36, 7, 11, 18, 6, 3, 1, 2, 17, 9, 2, 6, 1, 0, 1, 0, 9, 64, 0, 4, 0, 0, 4, 17, 3, 3, 11, 66, 16, 7, 43, 11, 0, 0, 11, 13, 2, 5, 6, 2, 0, 0, 2, 1, 320, 0, 3, 0, 1, 2, 4, 2, 0, 2, 49, 9, 5, 35, 8, 1, 0, 7, 14, 3, 4, 7, 1, 0, 0, 1, 1, 254,
지능범죄, 문서·인장, 66, 573, 2, 88, 483, 1114, 56, 248, 810, 6024, 1101, 520, 4403, 583, 30, 33, 520, 2058, 160, 191, 1707, 376, , , , 561, 10750, 55, 496, 1, 71, 424, 926, 106, 234, 586, 5752, 1777, 579, 3396, 595, 46, 47, 502, 1905, 227, 228, 1450, 311, 23, 25, 263, 405, 9034, 68, 514, 0, 58, 456, 1007, 89, 262, 656, 5622, 1287, 572, 3763, 572, 38, 39, 495, 2139, 168, 303, 1668, 388, 28, 29, 331, 172, 9924, 37, 436, 4, 63, 369, 999, 99, 225, 675, 5164, 1066, 459, 3639, 533, 21, 79, 433, 2054, 160, 345, 1549, 339, 28, 34, 277, 215, 9683,
지능범죄, 유가증권인지, 0, 18, 0, 1, 17, 24, 0, 10, 14, 159, 0, 12, 147, 17, 0, 5, 12, 57, 3, 5, 49, 13, , , , 26, 711, 0, 12, 0, 1, 11, 16, 0, 3, 13, 113, 0, 5, 108, 16, 0, 1, 15, 59, 2, 6, 51, 9, 0, 0, 9, 2, 406, 2, 19, 0, 7, 12, 13, 0, 1, 12, 91, 0, 2, 89, 10, 0, 2, 8, 34, 0, 4, 30, 5, 0, 0, 5, 2, 372, 1, 14, 0, 2, 12, 26, 0, 6, 20, 106, 0, 2, 104, 10, 0, 1, 9, 46, 0, 8, 38, 6, 0, 0, 6, 6, 337,
지능범죄, 사기, 480, 4798, 8, 741, 4049, 10302, 347, 2754, 7201, 56922, 1679, 5770, 49473, 4880, 302, 650, 3928, 14209, 1201, 2572, 10436, 1993, , , , 4740, 166310, 449, 4937, 6, 762, 4169, 10746, 553, 2697, 7496, 55043, 2276, 5496, 47271, 5096, 300, 667, 4129, 15224, 1297, 2998, 10929, 2140, 176, 254, 1710, 3191, 124061, 505, 5200, 1, 843, 4356, 11959, 560, 3096, 8303, 55559, 2186, 6619, 46754, 5768, 316, 848, 4604, 17099, 1438, 3787, 11874, 2222, 171, 322, 1729, 1945, 139052, 515, 5010, 7, 762, 4241, 12440, 605, 3006, 8829, 56838, 2401, 6302, 48135, 5762, 254, 769, 4739, 17860, 1664, 3823, 12373, 2308, 222, 330, 1756, 2141, 119299,
지능범죄, 횡령, 75, 608, 0, 93, 515, 1170, 173, 256, 741, 7215, 624, 556, 6035, 814, 67, 75, 672, 2656, 336, 292, 2028, 493, , , , 696, 17662, 86, 709, 0, 103, 606, 1541, 270, 316, 955, 7560, 834, 635, 6091, 924, 60, 79, 785, 2803, 378, 382, 2043, 433, 49, 39, 345, 478, 14973, 117, 867, 1, 136, 730, 1750, 230, 372, 1148, 8670, 946, 774, 6950, 1188, 69, 105, 1014, 3564, 423, 472, 2669, 538, 63, 48, 427, 268, 15761, 127, 898, 3, 141, 754, 1636, 164, 371, 1101, 8082, 740, 645, 6697, 1132, 56, 110, 966, 3496, 372, 485, 2639, 560, 74, 39, 447, 293, 15751,
지능범죄, 배임, 8, 103, 0, 16, 87, 146, 0, 18, 128, 1126, 1, 46, 1079, 144, 1, 6, 137, 757, 15, 40, 702, 143, , , , 135, 5298, 14, 126, 0, 19, 107, 156, 0, 29, 127, 1004, 7, 45, 952, 160, 1, 10, 149, 869, 5, 56, 808, 151, 5, 6, 140, 117, 4913, 18, 148, 0, 19, 129, 184, 0, 35, 149, 1233, 0, 45, 1188, 223, 0, 11, 212, 926, 10, 72, 844, 162, 6, 6, 150, 53, 5478, 13, 154, 0, 22, 132, 201, 0, 22, 179, 1657, 0, 50, 1607, 309, 0, 14, 295, 1115, 16, 86, 1013, 233, 7, 5, 221, 96, 5583,
풍속범죄, 풍속범죄(소계), 393, 3677, 3, 458, 3216, 5832, 73, 793, 4966, 28153, 389, 1517, 26247, 2616, 202, 190, 2224, 7665, 2341, 799, 4525, 660, , , , 3830, 8557, 379, 3485, 7, 419, 3059, 5419, 131, 875, 4413, 22950, 535, 1423, 20992, 2331, 128, 204, 1999, 6735, 1756, 831, 4148, 638, 184, 54, 400, 2164, 6804, 361, 3134, 0, 402, 2732, 5012, 113, 813, 4086, 20337, 471, 1224, 18642, 2716, 142, 239, 2335, 7864, 2194, 993, 4677, 709, 192, 71, 446, 1012, 6869, 299, 2946, 0, 349, 2597, 4532, 151, 707, 3674, 17699, 474, 1185, 16040, 2316, 126, 197, 1993, 6090, 1288, 842, 3960, 646, 174, 58, 414, 918, 6248,
풍속범죄, 성풍속범죄, 22, 192, 0, 24, 168, 500, 71, 96, 333, 4868, 355, 220, 4293, 1016, 154, 63, 799, 4337, 2002, 315, 2020, 335, , , , 384, 3555, 51, 342, 7, 58, 277, 817, 116, 153, 548, 5670, 495, 330, 4845, 1210, 92, 102, 1016, 4518, 1569, 448, 2501, 424, 152, 32, 240, 267, 3022, 44, 381, 0, 62, 319, 850, 112, 190, 548, 6195, 464, 360, 5371, 1527, 123, 116, 1288, 5570, 2016, 608, 2946, 527, 176, 50, 301, 189, 3405, 30, 320, 0, 46, 274, 826, 151, 169, 506, 4437, 457, 314, 3666, 1099, 93, 89, 917, 3638, 1049, 406, 2183, 439, 140, 36, 263, 157, 2999,
풍속범죄, 도박범죄, 371, 3485, 3, 434, 3048, 5332, 2, 697, 4633, 23285, 34, 1297, 21954, 1600, 48, 127, 1425, 3328, 339, 484, 2505, 325, , , , 3446, 5002, 328, 3143, 0, 361, 2782, 4602, 15, 722, 3865, 17280, 40, 1093, 16147, 1121, 36, 102, 983, 2217, 187, 383, 1647, 214, 32, 22, 160, 1897, 3782, 317, 2753, 0, 340, 2413, 4162, 1, 623, 3538, 14142, 7, 864, 13271, 1189, 19, 123, 1047, 2294, 178, 385, 1731, 182, 16, 21, 145, 823, 3464, 269, 2626, 0, 303, 2323, 3706, 0, 538, 3168, 13262, 17, 871, 12374, 1217, 33, 108, 1076, 2452, 239, 436, 1777, 207, 34, 22, 151, 761, 3249,
특별경제범죄, , 305, 2947, 1, 490, 2456, 5059, 103, 1011, 3945, 31446, 392, 1823, 29231, 3827, 234, 346, 3247, 9864, 1626, 1308, 6930, 1324, , , , 2741, 34109, 445, 3627, 20, 566, 3041, 5925, 240, 1189, 4496, 33181, 557, 2116, 30508, 3973, 207, 381, 3385, 10573, 1508, 1547, 7518, 1526, 241, 130, 1155, 2104, 32073, 422, 3327, 1, 557, 2769, 5593, 142, 1177, 4274, 26277, 351, 1919, 24007, 3484, 130, 358, 2996, 9693, 1266, 1427, 7000, 1240, 167, 115, 958, 894, 32378, 480, 3918, 0, 644, 3274, 6293, 76, 1266, 4951, 28393, 308, 2042, 26043, 3743, 122, 350, 3271, 10945, 1272, 1687, 7986, 1422, 196, 141, 1085, 1033, 31421,
마약범죄, , 149, 373, 1, 64, 308, 718, 1, 208, 509, 2192, 15, 451, 1726, 137, 10, 27, 100, 444, 49, 63, 332, 94, , , , 272, 1030, 130, 334, 0, 75, 259, 730, 0, 274, 456, 1949, 5, 341, 1603, 141, 12, 19, 110, 481, 59, 105, 317, 81, 6, 11, 64, 177, 708, 122, 425, 0, 80, 345, 740, 1, 242, 497, 2112, 4, 302, 1806, 185, 7, 35, 143, 601, 63, 95, 443, 125, 13, 5, 107, 96, 643, 134, 355, 1, 69, 285, 789, 3, 277, 509, 2244, 27, 355, 1862, 193, 3, 44, 146, 700, 96, 146, 458, 104, 19, 11, 74, 73, 672,
보건범죄, , 196, 1478, 0, 206, 1272, 1905, 2, 216, 1687, 8809, 27, 411, 8371, 869, 22, 66, 781, 2996, 162, 230, 2604, 665, , , , 846, 2681, 233, 1420, 0, 204, 1216, 1752, 3, 228, 1521, 7472, 14, 380, 7078, 838, 19, 51, 768, 3869, 128, 308, 3433, 738, 51, 20, 667, 487, 2722, 275, 1911, 0, 274, 1637, 2260, 0, 316, 1944, 8949, 9, 414, 8526, 1126, 33, 74, 1019, 4231, 131, 371, 3729, 772, 60, 27, 685, 267, 3255, 208, 1643, 0, 240, 1403, 1938, 2, 266, 1670, 8311, 8, 391, 7912, 1016, 17, 72, 927, 4415, 139, 353, 3923, 874, 47, 39, 788, 294, 3386,
환경범죄, , 28, 268, 0, 30, 238, 338, 2, 51, 285, 1216, 5, 59, 1152, 189, 1, 6, 182, 430, 7, 27, 396, 66, , , , 116, 462, 25, 266, 0, 38, 228, 294, 0, 46, 248, 1177, 0, 69, 1108, 207, 1, 5, 201, 530, 7, 34, 489, 81, 4, 6, 71, 118, 549, 24, 283, 0, 42, 241, 380, 0, 57, 323, 1272, 0, 65, 1207, 250, 1, 7, 242, 644, 7, 50, 587, 94, 5, 4, 85, 81, 560, 20, 226, 0, 34, 192, 322, 0, 43, 279, 1101, 1, 49, 1051, 176, 1, 4, 171, 656, 13, 54, 589, 123, 2, 4, 117, 38, 474,
교통범죄, , 1240, 14256, 26, 1761, 12469, 22758, 1469, 3091, 18198, 219373, 6039, 6752, 206582, 20051, 1210, 985, 17856, 68078, 7236, 3754, 57088, 6674, , , , 21309, 150611, 1240, 14984, 22, 1847, 13115, 23798, 1735, 3364, 18699, 195108, 6502, 6206, 182400, 22058, 994, 1041, 20023, 73666, 7600, 4258, 61808, 7187, 1367, 319, 5501, 17052, 156983, 1508, 16282, 14, 2059, 14209, 26739, 1043, 3695, 22001, 192789, 4447, 6447, 181895, 27411, 821, 1211, 25379, 86516, 6858, 5682, 73976, 7928, 1398, 333, 6197, 12142, 165441, 1455, 15706, 13, 2010, 13683, 26088, 947, 3673, 21468, 184653, 4062, 6170, 174421, 26364, 724, 1121, 24519, 81387, 6559, 5738, 69090, 7308, 1199, 311, 5798, 11804, 178361,
노동범죄, , 11, 97, 0, 19, 78, 231, 0, 55, 176, 1420, 4, 90, 1326, 145, 4, 23, 118, 228, 21, 32, 175, 36, , , , 93, 380, 12, 169, 0, 23, 146, 273, 2, 45, 226, 1149, 0, 96, 1053, 111, 2, 5, 104, 265, 20, 32, 213, 25, 3, 5, 17, 44, 330, 8, 150, 0, 15, 135, 203, 0, 35, 168, 1185, 1, 69, 1115, 152, 1, 14, 137, 260, 7, 40, 213, 28, 3, 3, 22, 14, 309, 9, 100, 0, 10, 90, 190, 0, 32, 158, 1063, 0, 58, 1005, 117, 0, 11, 106, 225, 3, 39, 183, 23, 1, 5, 17, 50, 354,
안보범죄, , 0, 5, 0, 1, 4, 8, 0, 5, 3, 31, 0, 4, 27, 12, 0, 3, 9, 42, 1, 6, 35, 10, , , , 4, 48, 1, 2, 0, 1, 1, 6, 2, 2, 2, 39, 0, 2, 37, 9, 0, 2, 7, 43, 3, 7, 33, 6, 0, 1, 5, 1, 19, 0, 5, 0, 0, 5, 7, 0, 5, 2, 20, 1, 4, 15, 5, 0, 1, 4, 73, 2, 5, 66, 9, 2, 1, 6, 2, 31, 1, 1, 0, 0, 1, 3, 0, 2, 1, 22, 0, 2, 20, 10, 0, 1, 9, 20, 1, 5, 14, 4, 1, 0, 3, 3, 26,
선거범죄, , 2, 24, 0, 1, 23, 18, 0, 5, 13, 109, 0, 3, 106, 24, 0, 2, 22, 103, 1, 4, 98, 28, , , , 10, 82, 7, 58, 0, 9, 49, 66, 2, 8, 56, 521, 9, 15, 497, 72, 2, 5, 65, 439, 45, 22, 372, 181, 19, 5, 157, 38, 473, 0, 19, 0, 3, 16, 24, 0, 3, 21, 95, 1, 2, 92, 24, 4, 2, 18, 117, 10, 9, 98, 32, 3, 1, 28, 1, 97, 9, 109, 0, 12, 97, 155, 0, 23, 132, 659, 2, 24, 633, 145, 6, 9, 130, 653, 40, 46, 567, 232, 18, 7, 207, 18, 820,
병역범죄, , 4, 50, 0, 8, 42, 807, 2, 49, 756, 8653, 9, 1203, 7441, 1091, 88, 239, 764, 3178, 684, 1156, 1338, 408, , , , 544, 8017, 2, 66, 1, 13, 52, 1019, 3, 83, 933, 9568, 9, 1259, 8300, 1246, 92, 244, 910, 4015, 843, 1445, 1727, 419, 137, 124, 158, 357, 1667, 2, 70, 0, 10, 60, 1277, 1, 102, 1174, 11892, 2, 1545, 10345, 1582, 113, 326, 1143, 5184, 1042, 2087, 2055, 512, 171, 176, 165, 356, 2325, 4, 41, 0, 4, 37, 1325, 2, 98, 1225, 10059, 4, 1267, 8788, 1230, 88, 266, 876, 3933, 726, 1660, 1547, 352, 108, 126, 118, 319, 1260,
기타범죄, , 1255, 11373, 23, 1612, 9738, 17949, 1025, 3280, 13644, 89771, 2671, 6144, 80956, 10042, 602, 838, 8602, 27480, 3308, 3138, 21034, 4327, , , , 8955, 53629, 1456, 11623, 16, 1726, 9881, 18250, 1299, 3421, 13530, 80762, 3723, 5812, 71227, 9368, 528, 790, 8050, 27678, 3673, 3351, 20654, 4484, 627, 309, 3548, 5236, 49575, 1529, 12102, 2, 1849, 10251, 18163, 833, 3424, 13906, 79995, 3525, 5929, 70541, 10225, 550, 838, 8837, 29873, 3507, 3809, 22557, 4574, 584, 294, 3696, 3147, 53916, 1684, 12592, 6, 2114, 10472, 19675, 681, 3583, 15411, 83305, 3066, 6016, 74223, 10971, 541, 908, 9522, 33587, 4061, 4419, 25107, 4942, 618, 334, 3990, 3377, 60721, 
