범죄, 범죄, 2011, 2011, 2011, 2011, 2011, 2011, 2011, 2011, 2011, 2011, 2011, 2011, 2011, 2011, 2011, 2011, 2011, 2011, 2011, 2011, 2011, 2011, 2012, 2012, 2012, 2012, 2012, 2012, 2012, 2012, 2012, 2012, 2012, 2012, 2012, 2012, 2012, 2012, 2012, 2012, 2012, 2012, 2012, 2012, 2013, 2013, 2013, 2013, 2013, 2013, 2013, 2013, 2013, 2013, 2013, 2013, 2013, 2013, 2013, 2013, 2013, 2013, 2013, 2013, 2013, 2013, 2014, 2014, 2014, 2014, 2014, 2014, 2014, 2014, 2014, 2014, 2014, 2014, 2014, 2014, 2014, 2014, 2014, 2014, 2014, 2014, 2014, 2014,
범죄, 범죄, 전체, 전체, 전체, 전체, 전체, 전체, 전체, 전체, 전체, 전체, 전체, 전체, 전체, 전체, 전체, 전체, 전체, 전체, 전체, 전체, 전체, 전체, 전체, 전체, 전체, 전체, 전체, 전체, 전체, 전체, 전체, 전체, 전체, 전체, 전체, 전체, 전체, 전체, 전체, 전체, 전체, 전체, 전체, 전체, 전체, 전체, 전체, 전체, 전체, 전체, 전체, 전체, 전체, 전체, 전체, 전체, 전체, 전체, 전체, 전체, 전체, 전체, 전체, 전체, 전체, 전체, 전체, 전체, 전체, 전체, 전체, 전체, 전체, 전체, 전체, 전체, 전체, 전체, 전체, 전체, 전체, 전체, 전체, 전체, 전체, 전체, 전체, 전체,
범죄, 범죄, 미성년(소계), 미성년(소계), 미성년(소계), 미성년(소계), 미성년(소계), 미성년(소계), 미성년(소계), 성년(소계), 성년(소계), 성년(소계), 성년(소계), 성년(소계), 성년(소계), 성년(소계), 성년(소계), 성년(소계), 성년(소계), 성년(소계), 성년(소계), 성년(소계), 성년(소계), 미상, 미성년(소계), 미성년(소계), 미성년(소계), 미성년(소계), 미성년(소계), 미성년(소계), 미성년(소계), 성년(소계), 성년(소계), 성년(소계), 성년(소계), 성년(소계), 성년(소계), 성년(소계), 성년(소계), 성년(소계), 성년(소계), 성년(소계), 성년(소계), 성년(소계), 성년(소계), 미상, 미성년(소계), 미성년(소계), 미성년(소계), 미성년(소계), 미성년(소계), 미성년(소계), 미성년(소계), 성년(소계), 성년(소계), 성년(소계), 성년(소계), 성년(소계), 성년(소계), 성년(소계), 성년(소계), 성년(소계), 성년(소계), 성년(소계), 성년(소계), 성년(소계), 성년(소계), 미상, 미성년(소계), 미성년(소계), 미성년(소계), 미성년(소계), 미성년(소계), 미성년(소계), 미성년(소계), 성년(소계), 성년(소계), 성년(소계), 성년(소계), 성년(소계), 성년(소계), 성년(소계), 성년(소계), 성년(소계), 성년(소계), 성년(소계), 성년(소계), 성년(소계), 성년(소계), 미상,
범죄, 범죄, 미성년(소계), 14세미만, 14세, 15세, 16세, 17세, 18세, 성년(소계), 19세, 20세, 21~25세, 26~30세, 31~35세, 36~40세, 41~45세, 46~50세, 51~55세, 56~60세, 61~65세, 66~70세, 71세이상, 미상, 미성년(소계), 14세미만, 14세, 15세, 16세, 17세, 18세, 성년(소계), 19세, 20세, 21~25세, 26~30세, 31~35세, 36~40세, 41~45세, 46~50세, 51~55세, 56~60세, 61~65세, 66~70세, 71세이상, 미상, 미성년(소계), 14세미만, 14세, 15세, 16세, 17세, 18세, 성년(소계), 19세, 20세, 21~25세, 26~30세, 31~35세, 36~40세, 41~45세, 46~50세, 51~55세, 56~60세, 61~65세, 66~70세, 71세이상, 미상, 미성년(소계), 14세미만, 14세, 15세, 16세, 17세, 18세, 성년(소계), 19세, 20세, 21~25세, 26~30세, 31~35세, 36~40세, 41~45세, 46~50세, 51~55세, 56~60세, 61~65세, 66~70세, 71세이상, 미상
강력범죄, 강력범죄(소계), 3209, 5, 136, 502, 852, 871, 843, 22137, 776, 497, 2292, 3027, 2741, 2713, 2892, 2723, 2080, 1075, 659, 367, 295, 0, 3231, 27, 327, 487, 743, 866, 781, 20553, 662, 484, 2245, 2829, 2545, 2403, 2680, 2283, 2024, 1121, 555, 364, 358, 5, 3052, 19, 334, 497, 653, 799, 750, 22277, 640, 442, 2498, 2734, 2722, 2472, 2843, 2542, 2267, 1420, 764, 466, 467, 22, 2610, 0, 330, 466, 541, 601, 672, 22419, 631, 464, 2627, 2471, 2601, 2336, 2883, 2609, 2362, 1566, 798, 520, 551, 36,
강력범죄, 살인(기수), 7, 0, 0, 0, 2, 2, 3, 442, 2, 3, 21, 38, 53, 60, 71, 62, 56, 27, 19, 12, 18, 0, 12, 0, 1, 2, 2, 3, 4, 434, 4, 1, 36, 33, 38, 69, 58, 51, 67, 35, 14, 16, 12, 0, 6, 0, 0, 0, 0, 4, 2, 369, 3, 3, 22, 38, 29, 36, 54, 45, 49, 34, 18, 19, 19, 2, 18, 0, 1, 6, 5, 2, 4, 429, 7, 5, 31, 19, 33, 54, 70, 57, 45, 36, 31, 19, 22, 0,
강력범죄, 살인(미수등), 5, 0, 0, 1, 0, 1, 3, 831, 9, 6, 46, 64, 80, 104, 134, 152, 115, 64, 32, 12, 13, 0, 11, 0, 0, 2, 2, 4, 3, 598, 3, 5, 19, 65, 50, 66, 102, 114, 74, 48, 20, 13, 19, 1, 15, 0, 2, 2, 3, 2, 6, 605, 6, 5, 29, 54, 52, 50, 90, 98, 92, 65, 27, 13, 24, 0, 15, 0, 1, 5, 2, 4, 3, 559, 2, 4, 21, 29, 48, 63, 96, 94, 89, 59, 24, 19, 11, 1,
강력범죄, 강도, 1144, 0, 36, 185, 284, 328, 311, 3746, 239, 134, 513, 617, 546, 450, 427, 369, 236, 118, 66, 20, 11, 0, 848, 1, 61, 113, 220, 261, 192, 2472, 152, 89, 370, 476, 391, 276, 284, 176, 142, 60, 25, 20, 11, 2, 607, 1, 61, 97, 139, 170, 139, 1983, 101, 69, 308, 296, 319, 252, 240, 162, 111, 73, 32, 9, 11, 3, 405, 0, 37, 87, 94, 98, 89, 1663, 70, 59, 262, 246, 255, 203, 196, 130, 110, 74, 33, 14, 11, 10,
강력범죄, 강간·강제추행, 1883, 5, 80, 280, 507, 502, 509, 15769, 511, 341, 1647, 2240, 1937, 1947, 2026, 1877, 1449, 762, 494, 301, 237, 0, 2164, 17, 215, 326, 485, 565, 556, 15846, 480, 380, 1773, 2179, 1991, 1848, 2027, 1710, 1527, 876, 462, 297, 296, 2, , , , , , , , , , , , , , , , , , , , , , , , , , , , , , , , , , , , , , , , , , , , ,
강력범죄, 강간, , , , , , , , , , , , , , , , , , , , , , , , , , , , , , , , , , , , , , , , , , , , , 866, 1, 51, 159, 178, 248, 229, 4983, 204, 152, 740, 805, 697, 552, 516, 435, 405, 216, 117, 80, 64, 7, 824, 0, 80, 135, 156, 228, 225, 4677, 214, 157, 823, 681, 653, 462, 471, 430, 346, 224, 89, 64, 63, 16,
강력범죄, 유사강간, , , , , , , , , , , , , , , , , , , , , , , , , , , , , , , , , , , , , , , , , , , , , 20, 0, 5, 3, 3, 5, 4, 116, 7, 2, 19, 9, 10, 15, 15, 12, 12, 7, 4, 2, 2, 0, 70, 0, 11, 14, 16, 19, 10, 319, 12, 14, 51, 38, 36, 31, 39, 26, 27, 17, 11, 11, 6, 0,
강력범죄, 강제추행, , , , , , , , , , , , , , , , , , , , , , , , , , , , , , , , , , , , , , , , , , , , , 868, 14, 133, 144, 177, 184, 216, 11620, 225, 158, 1103, 1237, 1350, 1298, 1585, 1449, 1286, 849, 489, 292, 299, 8, 883, 0, 136, 157, 165, 155, 270, 12509, 268, 180, 1222, 1278, 1351, 1306, 1693, 1567, 1430, 969, 523, 344, 378, 8,
강력범죄, 기타(강간·강제추행), , , , , , , , , , , , , , , , , , , , , , , , , , , , , , , , , , , , , , , , , , , , , 529, 1, 40, 61, 124, 164, 139, 1356, 73, 42, 216, 219, 173, 157, 130, 116, 103, 54, 35, 20, 18, 2, 239, 0, 17, 26, 65, 71, 60, 953, 43, 32, 143, 122, 124, 104, 104, 72, 86, 50, 25, 21, 27, 1,
강력범죄, 방화, 170, 0, 20, 36, 59, 38, 17, 1349, 15, 13, 65, 68, 125, 152, 234, 263, 224, 104, 48, 22, 16, 0, 196, 9, 50, 44, 34, 33, 26, 1203, 23, 9, 47, 76, 75, 144, 209, 232, 214, 102, 34, 18, 20, 0, 141, 2, 42, 31, 29, 22, 15, 1245, 21, 11, 61, 76, 92, 112, 213, 225, 209, 122, 42, 31, 30, 0, 156, 0, 47, 36, 38, 24, 11, 1310, 15, 13, 74, 58, 101, 113, 214, 233, 229, 137, 62, 28, 33, 0,
절도범죄, , 32693, 63, 2796, 8700, 9644, 6671, 4819, 78695, 4063, 2511, 8785, 8883, 8056, 8301, 8750, 9305, 8156, 5030, 3109, 1965, 1781, 2, 36634, 276, 6380, 9114, 9602, 6696, 4566, 67779, 3269, 2112, 8928, 7747, 6854, 6267, 7257, 7226, 7327, 4619, 2626, 1799, 1748, 21, 32499, 69, 6392, 8206, 7950, 5765, 4117, 70136, 3171, 2011, 9234, 7670, 7312, 6442, 7522, 7376, 7488, 5052, 2945, 1820, 2093, 23, 25999, 5, 5241, 6554, 6220, 4508, 3471, 69613, 2774, 1832, 8875, 6943, 7019, 6104, 7205, 7189, 7772, 5597, 3439, 2147, 2717, 33,
폭력범죄, 폭력범죄(소계), 23807, 63, 1681, 5306, 5892, 5338, 5527, 368231, 6911, 5193, 28877, 39995, 38681, 43786, 53130, 55748, 47019, 24912, 12342, 6758, 4879, 4, 33055, 202, 4046, 6626, 7450, 7272, 7459, 367161, 7435, 5645, 31809, 38049, 39068, 41651, 51522, 53523, 47884, 26100, 12414, 6827, 5234, 66, 22589, 91, 2760, 3772, 4197, 5213, 6556, 347067, 6623, 4896, 30319, 33443, 37976, 38261, 48359, 49544, 46442, 26487, 12530, 6494, 5693, 257, 20001, 11, 2327, 3473, 3637, 4271, 6282, 337952, 7056, 4790, 30183, 29491, 36294, 35361, 45923, 46417, 46375, 28767, 13559, 7125, 6611, 322,
폭력범죄, 상해, 2695, 9, 160, 457, 562, 657, 850, 86443, 1125, 912, 5565, 8366, 8700, 10351, 12609, 13587, 11893, 6460, 3304, 2015, 1556, 0, 3224, 13, 266, 450, 642, 789, 1064, 81623, 1182, 937, 5863, 7578, 8101, 9223, 11663, 12203, 11549, 6542, 3251, 1911, 1620, 3, 2580, 23, 236, 324, 442, 656, 899, 72607, 1020, 811, 5314, 6185, 7558, 7977, 10187, 10628, 10375, 6109, 3111, 1725, 1607, 19, 2517, 1, 222, 303, 425, 603, 963, 64358, 1060, 764, 4957, 5108, 6572, 6698, 8586, 9042, 9263, 5986, 2919, 1659, 1744, 10,
폭력범죄, 폭행, 3591, 9, 136, 427, 639, 987, 1393, 158189, 2115, 1670, 9760, 15087, 16158, 19146, 23905, 25647, 22144, 11797, 5812, 2982, 1966, 2, 6185, 28, 520, 812, 1222, 1521, 2082, 161763, 2411, 1933, 11305, 15089, 16912, 18915, 23789, 25152, 22746, 12543, 5813, 3038, 2117, 27, 5500, 16, 393, 609, 907, 1355, 2220, 160691, 2480, 1836, 11809, 14083, 17208, 18187, 23268, 24047, 22950, 13108, 6121, 3074, 2520, 146, 5390, 8, 393, 571, 865, 1279, 2274, 165607, 2901, 1921, 12930, 13401, 17505, 17761, 23338, 23459, 23900, 14931, 7001, 3570, 2989, 169,
폭력범죄, 체포·감금, 21, 1, 2, 3, 3, 8, 4, 948, 9, 5, 57, 73, 108, 105, 163, 148, 124, 74, 38, 30, 14, 0, 40, 0, 3, 8, 8, 8, 13, 1071, 8, 10, 67, 103, 108, 118, 156, 160, 147, 99, 51, 23, 21, 2, 27, 0, 0, 4, 9, 9, 5, 1056, 9, 8, 54, 103, 113, 139, 149, 168, 143, 87, 43, 23, 17, 3, 10, 0, 0, 1, 3, 1, 5, 1101, 18, 13, 77, 97, 112, 115, 158, 135, 183, 97, 57, 18, 21, 7,
폭력범죄, 협박, 70, 3, 3, 15, 11, 21, 17, 3785, 11, 24, 103, 193, 339, 468, 643, 726, 619, 349, 155, 89, 66, 0, 183, 9, 23, 39, 45, 29, 38, 4547, 31, 23, 131, 253, 403, 546, 746, 839, 778, 376, 211, 127, 83, 2, 127, 1, 15, 24, 28, 25, 34, 4537, 24, 24, 153, 271, 431, 507, 726, 782, 753, 448, 239, 95, 84, 18, 142, 0, 20, 26, 22, 47, 27, 4995, 39, 25, 186, 276, 415, 580, 773, 836, 863, 547, 228, 132, 95, 23,
폭력범죄, 약취·유인, 16, 0, 0, 2, 1, 4, 9, 324, 10, 9, 33, 39, 41, 48, 54, 40, 13, 19, 10, 5, 3, 0, 16, 0, 7, 0, 1, 3, 5, 254, 5, 11, 32, 30, 26, 25, 37, 29, 23, 18, 12, 4, 2, 0, 20, 0, 1, 1, 3, 7, 8, 240, 2, 6, 12, 28, 36, 43, 36, 20, 24, 12, 8, 7, 6, 0, 13, 0, 0, 1, 2, 0, 10, 238, 9, 5, 16, 29, 34, 37, 23, 23, 18, 20, 13, 4, 7, 1,
폭력범죄, 폭력행위, 15386, 29, 1210, 3880, 4106, 3232, 2929, 88035, 3288, 2333, 11863, 13466, 10091, 9739, 10634, 10590, 8216, 4163, 1944, 1016, 692, 2, 19839, 110, 2680, 4390, 4657, 4250, 3752, 86393, 3386, 2490, 12630, 12183, 10141, 9021, 10169, 10101, 8263, 4297, 1960, 1002, 750, 24, 12467, 46, 1792, 2383, 2454, 2789, 3003, 77343, 2686, 1943, 11177, 10227, 9225, 7942, 9292, 9105, 7924, 4336, 1837, 899, 750, 48, 10472, 2, 1516, 2256, 2005, 2085, 2608, 69557, 2574, 1734, 9946, 8104, 8284, 6735, 8289, 8100, 7564, 4431, 1990, 981, 825, 84,
폭력범죄, 공갈, 1576, 0, 136, 466, 491, 312, 171, 2210, 99, 57, 101, 198, 242, 253, 330, 337, 279, 155, 81, 48, 30, 0, 2778, 19, 473, 836, 744, 469, 237, 2677, 139, 43, 154, 214, 297, 304, 402, 437, 365, 178, 79, 40, 25, 0, 1101, 1, 260, 306, 218, 191, 125, 2081, 62, 31, 124, 175, 258, 240, 290, 296, 281, 166, 86, 44, 28, 7, 754, 0, 132, 224, 178, 112, 108, 2907, 68, 51, 185, 206, 342, 316, 428, 402, 431, 269, 122, 58, 29, 13,
폭력범죄, 손괴, 452, 12, 34, 56, 79, 117, 154, 28297, 254, 183, 1395, 2573, 3002, 3676, 4792, 4673, 3731, 1895, 998, 573, 552, 0, 790, 23, 74, 91, 131, 203, 268, 28833, 273, 198, 1627, 2599, 3080, 3499, 4560, 4602, 4013, 2047, 1037, 682, 616, 8, 767, 4, 63, 121, 136, 181, 262, 28512, 340, 237, 1676, 2371, 3147, 3226, 4411, 4498, 3992, 2221, 1085, 627, 681, 16, 703, 0, 44, 91, 137, 144, 287, 29189, 387, 277, 1886, 2270, 3030, 3119, 4328, 4420, 4153, 2486, 1229, 703, 901, 15,
지능범죄, 지능범죄(소계), 7771, 12, 153, 600, 1587, 2380, 3039, 321623, 2549, 2301, 14769, 25537, 31945, 40680, 51392, 53677, 47446, 27119, 13041, 6538, 4629, 5, 10048, 15, 425, 1083, 2271, 3032, 3222, 269966, 2617, 2153, 11773, 19814, 26274, 32906, 42761, 43835, 42250, 23983, 11299, 5887, 4414, 229, 11120, 11, 453, 1242, 2466, 3496, 3452, 292457, 3143, 3233, 15950, 22426, 29508, 33919, 44145, 45440, 44073, 26637, 12731, 6294, 4958, 448, 10483, 9, 546, 1186, 2353, 3212, 3177, 274811, 3380, 2856, 15078, 18408, 26559, 29740, 40828, 42629, 42671, 27569, 13054, 6662, 5377, 805,
지능범죄, 직무유기, 1, 1, 0, 0, 0, 0, 0, 668, 0, 0, 2, 26, 67, 90, 124, 128, 130, 81, 14, 4, 2, 0, 0, 0, 0, 0, 0, 0, 0, 818, 0, 0, 1, 30, 92, 101, 142, 135, 168, 106, 21, 8, 14, 5, 0, 0, 0, 0, 0, 0, 0, 772, 1, 0, 4, 35, 75, 93, 127, 148, 157, 98, 22, 6, 6, 30, 0, 0, 0, 0, 0, 0, 0, 680, 1, 1, 5, 25, 71, 87, 115, 120, 135, 97, 13, 5, 5, 121,
지능범죄, 직권남용, 0, 0, 0, 0, 0, 0, 0, 357, 0, 0, 6, 19, 30, 49, 62, 60, 87, 31, 10, 3, 0, 0, 0, 0, 0, 0, 0, 0, 0, 406, 1, 0, 2, 27, 35, 52, 90, 67, 69, 48, 8, 5, 2, 3, 0, 0, 0, 0, 0, 0, 0, 497, 0, 0, 4, 23, 57, 56, 99, 102, 104, 37, 11, 2, 2, 26, 0, 0, 0, 0, 0, 0, 0, 530, 0, 0, 5, 28, 75, 53, 109, 100, 82, 69, 8, 1, 0, 65,
지능범죄, 증수뢰, 0, 0, 0, 0, 0, 0, 0, 1239, 0, 0, 5, 22, 49, 126, 236, 267, 270, 143, 79, 26, 16, 0, 0, 0, 0, 0, 0, 0, 0, 832, 0, 0, 1, 5, 32, 60, 153, 154, 209, 137, 50, 18, 13, 0, 0, 0, 0, 0, 0, 0, 0, 855, 0, 0, 2, 0, 21, 69, 133, 173, 220, 148, 49, 34, 6, 0, 0, 0, 0, 0, 0, 0, 0, 842, 0, 0, 0, 6, 30, 71, 135, 177, 190, 156, 47, 18, 12, 6,
지능범죄, 통화, 36, 0, 0, 7, 8, 15, 6, 85, 5, 3, 16, 8, 17, 5, 3, 5, 8, 10, 1, 2, 2, 0, 28, 0, 4, 2, 2, 6, 14, 135, 21, 6, 31, 24, 11, 7, 9, 8, 5, 6, 4, 0, 3, 0, 26, 0, 1, 6, 9, 3, 7, 408, 4, 5, 20, 19, 21, 4, 5, 305, 4, 16, 5, 0, 0, 0, 14, 0, 2, 2, 3, 5, 2, 320, 2, 0, 14, 5, 9, 6, 7, 237, 8, 11, 13, 3, 5, 0,
지능범죄, 문서·인장, 1687, 0, 7, 69, 210, 540, 861, 20417, 252, 115, 707, 1358, 1802, 2483, 3054, 3118, 2968, 1913, 1180, 719, 748, 1, 2622, 0, 46, 197, 467, 976, 936, 16834, 205, 78, 582, 989, 1415, 1905, 2395, 2641, 2539, 1639, 1037, 655, 754, 23, 2166, 0, 38, 151, 457, 899, 621, 18183, 113, 88, 728, 1208, 1768, 2055, 2711, 2659, 2654, 1836, 1032, 666, 665, 57, 1816, 0, 58, 160, 402, 707, 489, 17519, 101, 116, 787, 1089, 1704, 1849, 2423, 2501, 2563, 1985, 1045, 682, 674, 125,
지능범죄, 유가증권인지, 0, 0, 0, 0, 0, 0, 0, 1025, 1, 2, 9, 25, 34, 77, 174, 206, 238, 139, 75, 36, 9, 0, 1, 0, 0, 0, 0, 0, 1, 630, 1, 3, 10, 18, 22, 48, 88, 122, 135, 81, 52, 34, 16, 2, 0, 0, 0, 0, 0, 0, 0, 547, 1, 0, 1, 9, 12, 26, 81, 101, 148, 81, 48, 25, 14, 1, 2, 0, 0, 1, 0, 0, 1, 548, 0, 0, 2, 4, 15, 29, 66, 117, 126, 90, 49, 27, 23, 2,
지능범죄, 사기, 4910, 6, 97, 375, 1096, 1494, 1842, 259720, 2019, 1977, 12948, 22107, 26912, 33214, 41477, 43315, 37859, 21052, 9666, 4455, 2719, 4, 5837, 8, 254, 618, 1383, 1644, 1930, 214886, 2119, 1885, 10144, 17051, 21829, 26645, 34242, 34914, 33356, 18350, 8066, 3892, 2393, 164, 7227, 9, 292, 816, 1570, 2099, 2441, 231803, 2762, 2943, 13893, 19036, 24232, 27242, 34953, 35661, 34520, 20231, 9239, 4209, 2882, 279, 7224, 6, 384, 833, 1582, 2070, 2349, 214555, 3025, 2526, 13022, 15350, 21259, 23275, 31832, 33073, 33267, 20768, 9542, 4458, 3158, 394,
지능범죄, 횡령, 1137, 5, 49, 149, 273, 331, 330, 30252, 270, 199, 1038, 1828, 2698, 3905, 5072, 5168, 4432, 2678, 1355, 839, 770, 0, 1552, 7, 121, 266, 418, 402, 338, 27929, 269, 180, 975, 1511, 2447, 3407, 4540, 4571, 4315, 2594, 1443, 861, 816, 26, 1700, 2, 122, 269, 430, 494, 383, 30987, 260, 194, 1257, 1897, 2835, 3605, 4801, 4877, 4705, 3067, 1626, 916, 947, 36, 1426, 3, 102, 190, 366, 429, 336, 30491, 250, 209, 1197, 1663, 2858, 3408, 4685, 4776, 4633, 3136, 1615, 1013, 1048, 58,
지능범죄, 배임, 0, 0, 0, 0, 0, 0, 0, 7860, 2, 5, 38, 144, 336, 731, 1190, 1410, 1454, 1072, 661, 454, 363, 0, 8, 0, 0, 0, 1, 4, 3, 7496, 1, 1, 27, 159, 391, 681, 1102, 1223, 1454, 1022, 618, 414, 403, 6, 1, 0, 0, 0, 0, 1, 0, 8405, 2, 3, 41, 199, 487, 769, 1235, 1414, 1561, 1123, 699, 436, 436, 19, 1, 0, 0, 0, 0, 1, 0, 9326, 1, 4, 46, 238, 538, 962, 1456, 1528, 1667, 1257, 722, 455, 452, 34,
풍속범죄, 풍속범죄(소계), 601, 5, 26, 65, 130, 169, 206, 60781, 481, 521, 3653, 5839, 6308, 6962, 8162, 10048, 9645, 5215, 2417, 1060, 470, 1, 795, 11, 59, 110, 175, 187, 253, 50103, 409, 378, 3113, 4205, 4975, 5149, 6626, 8066, 8471, 4918, 2388, 961, 444, 7, 837, 6, 67, 116, 151, 220, 277, 47162, 572, 414, 3855, 4783, 5415, 4804, 5692, 6442, 7296, 4434, 2080, 948, 427, 15, 839, 1, 106, 102, 168, 214, 248, 40833, 366, 270, 2612, 3576, 4533, 4020, 4952, 5788, 6517, 4620, 2128, 943, 508, 22,
풍속범죄, 성풍속범죄, 572, 5, 25, 63, 124, 161, 194, 14636, 446, 440, 2754, 3169, 2392, 1819, 1338, 1071, 691, 293, 125, 60, 38, 1, 734, 11, 55, 99, 161, 172, 236, 15580, 361, 307, 2412, 2742, 2604, 2085, 1777, 1406, 1013, 471, 231, 110, 61, 7, 820, 6, 67, 116, 150, 216, 265, 17853, 543, 361, 3259, 3304, 3121, 2189, 1893, 1275, 1024, 497, 229, 98, 60, 15, 801, 1, 106, 102, 166, 202, 224, 13129, 307, 207, 1828, 2097, 2308, 1783, 1642, 1180, 885, 514, 221, 104, 53, 15,
풍속범죄, 도박범죄, 29, 0, 1, 2, 6, 8, 12, 46145, 35, 81, 899, 2670, 3916, 5143, 6824, 8977, 8954, 4922, 2292, 1000, 432, 0, 61, 0, 4, 11, 14, 15, 17, 34523, 48, 71, 701, 1463, 2371, 3064, 4849, 6660, 7458, 4447, 2157, 851, 383, 0, 17, 0, 0, 0, 1, 4, 12, 29309, 29, 53, 596, 1479, 2294, 2615, 3799, 5167, 6272, 3937, 1851, 850, 367, 0, 38, 0, 0, 0, 2, 12, 24, 27704, 59, 63, 784, 1479, 2225, 2237, 3310, 4608, 5632, 4106, 1907, 839, 455, 7,
특별경제범죄, , 804, 20, 66, 131, 182, 182, 223, 90813, 515, 698, 5436, 9657, 10703, 12081, 14017, 14050, 11746, 6569, 2859, 1469, 1013, 5, 1229, 48, 109, 186, 224, 304, 358, 92111, 567, 666, 5313, 9389, 10707, 11658, 13944, 14021, 12637, 7134, 3307, 1613, 1155, 87, 1132, 23, 95, 164, 179, 273, 398, 82019, 705, 684, 5085, 7310, 9411, 10042, 12191, 12044, 11639, 6875, 3232, 1627, 1174, 157, 978, 7, 87, 103, 144, 225, 412, 86483, 851, 742, 5238, 6614, 9449, 9724, 12628, 13035, 12866, 8029, 3806, 1967, 1534, 187,
마약범죄, , 20, 0, 0, 1, 1, 7, 11, 5389, 12, 17, 188, 360, 671, 852, 1030, 896, 527, 304, 155, 138, 239, 0, 10, 0, 0, 0, 1, 2, 7, 4721, 17, 24, 183, 367, 599, 740, 897, 714, 549, 220, 122, 115, 174, 0, 23, 0, 0, 3, 1, 6, 13, 5025, 18, 24, 238, 376, 583, 768, 925, 784, 570, 247, 143, 119, 230, 1, 46, 0, 2, 4, 9, 19, 12, 5216, 29, 36, 305, 470, 664, 781, 937, 758, 554, 239, 130, 118, 195, 2,
보건범죄, , 28, 0, 0, 2, 2, 5, 19, 20417, 60, 87, 756, 1329, 1800, 2651, 3316, 3512, 3207, 1864, 909, 506, 420, 0, 36, 0, 1, 7, 8, 2, 18, 19488, 45, 76, 555, 1113, 1555, 2306, 3058, 3347, 3312, 1990, 1058, 581, 492, 7, 25, 0, 1, 0, 5, 5, 14, 23014, 50, 62, 563, 1119, 1922, 2412, 3408, 3883, 4134, 2714, 1388, 778, 581, 7, 26, 0, 1, 1, 2, 3, 19, 22055, 44, 49, 558, 1153, 1922, 2278, 3150, 3533, 3851, 2675, 1431, 756, 655, 4,
환경범죄, , 4, 0, 0, 1, 3, 0, 0, 3109, 1, 2, 19, 65, 123, 244, 497, 681, 674, 381, 255, 108, 59, 0, 3, 0, 0, 0, 0, 1, 2, 3242, 3, 4, 26, 65, 119, 244, 500, 613, 716, 454, 278, 133, 87, 2, 1, 0, 0, 0, 0, 0, 1, 3583, 0, 2, 26, 47, 152, 285, 517, 736, 781, 563, 270, 119, 85, 4, 4, 0, 0, 1, 0, 0, 3, 3126, 3, 6, 20, 56, 119, 254, 448, 614, 694, 438, 280, 116, 78, 6,
교통범죄, , 11795, 123, 307, 1489, 3142, 3669, 3065, 512553, 3289, 2279, 26419, 62801, 64073, 68820, 76361, 74739, 61633, 35246, 19809, 10310, 6774, 2, 11977, 42, 707, 1881, 3207, 3142, 2998, 500039, 2858, 2381, 28348, 59340, 61873, 63141, 73206, 70434, 62255, 37603, 20339, 10625, 7636, 60, 9751, 31, 549, 1418, 2553, 2500, 2700, 526907, 2643, 2182, 29500, 60006, 67618, 65471, 76468, 72622, 66368, 40747, 22369, 11839, 9074, 98, 9247, 6, 521, 1236, 2299, 2397, 2788, 523635, 2880, 2268, 29784, 54755, 66173, 60695, 73518, 70818, 67943, 45106, 24785, 13651, 11259, 244,
노동범죄, , 7, 0, 0, 0, 2, 1, 4, 2634, 6, 14, 101, 244, 333, 436, 463, 424, 328, 160, 90, 23, 12, 0, 4, 0, 0, 1, 0, 1, 2, 2374, 2, 4, 85, 223, 299, 311, 370, 376, 349, 206, 114, 30, 5, 0, 4, 0, 0, 0, 0, 3, 1, 2296, 5, 4, 57, 180, 298, 303, 427, 386, 322, 199, 74, 26, 15, 9, 1, 0, 0, 0, 0, 0, 1, 2123, 2, 3, 49, 139, 255, 316, 374, 366, 319, 185, 87, 19, 9, 7,
안보범죄, , 2, 0, 1, 0, 0, 1, 0, 158, 4, 0, 7, 9, 11, 32, 23, 24, 23, 18, 3, 2, 2, 0, 2, 0, 1, 1, 0, 0, 0, 124, 0, 0, 8, 7, 9, 23, 26, 26, 13, 7, 2, 1, 2, 0, 4, 0, 0, 0, 1, 1, 2, 148, 0, 0, 6, 4, 32, 19, 21, 23, 18, 11, 4, 2, 8, 0, 1, 0, 0, 0, 0, 0, 1, 88, 0, 0, 4, 6, 7, 7, 18, 22, 10, 6, 3, 2, 3, 1,
선거범죄, , 0, 0, 0, 0, 0, 0, 0, 400, 0, 0, 1, 3, 22, 33, 67, 79, 78, 54, 36, 15, 12, 0, 18, 0, 0, 0, 3, 9, 6, 1837, 5, 4, 39, 66, 95, 160, 264, 390, 346, 251, 130, 47, 40, 0, 2, 0, 0, 0, 0, 0, 2, 405, 5, 4, 15, 21, 25, 39, 43, 62, 74, 47, 39, 17, 14, 2, 6, 0, 0, 0, 3, 0, 3, 2779, 10, 3, 43, 48, 85, 153, 293, 460, 617, 524, 314, 159, 70, 15,
병역범죄, , 0, 0, 0, 0, 0, 0, 0, 22752, 1, 567, 5745, 13119, 2834, 248, 24, 69, 84, 39, 13, 5, 4, 0, 0, 0, 0, 0, 0, 0, 0, 18359, 133, 361, 5671, 9978, 1850, 165, 30, 58, 74, 30, 7, 2, 0, 0, 0, 0, 0, 0, 0, 0, 0, 23200, 216, 441, 7930, 11759, 2355, 187, 30, 95, 123, 48, 11, 4, 1, 0, 0, 0, 0, 0, 0, 0, 0, 18523, 185, 442, 5681, 9544, 2309, 176, 33, 51, 62, 29, 6, 5, 0, 0,
기타범죄, , 5875, 25, 288, 1037, 1354, 1480, 1691, 218898, 1773, 1527, 10066, 19685, 23503, 27351, 32863, 34770, 30607, 17469, 9461, 5371, 4452, 8, 7490, 33, 696, 1149, 1806, 1940, 1866, 200867, 1902, 1585, 9807, 16166, 20434, 22938, 29476, 31199, 30116, 17645, 9499, 5409, 4691, 75, 7510, 31, 507, 893, 1770, 2119, 2190, 205682, 2044, 1657, 11129, 16106, 20778, 22662, 29412, 31088, 30849, 19404, 9966, 5669, 4918, 332, 7039, 15, 512, 884, 1509, 1997, 2122, 223445, 2323, 1949, 12365, 16305, 22905, 24006, 31037, 32679, 33900, 22651, 11449, 6188, 5688, 370, 
