범죄, 범죄, 2011, 2011, 2011, 2011, 2011, 2011, 2011, 2011, 2011, 2011, 2011, 2011, 2011, 2011, 2011, 2011, 2011, 2011, 2011, 2011, 2011, 2011, 2011, 2011, 2011, 2011, 2011, 2011, 2011, 2011, 2011, 2011, 2011, 2011, 2011, 2011, 2011, 2011, 2011, 2011, 2011, 2011, 2011, 2011, 2011, 2011, 2011, 2011, 2011, 2011, 2011, 2011, 2011, 2011, 2011, 2012, 2012, 2012, 2012, 2012, 2012, 2012, 2012, 2012, 2012, 2012, 2012, 2012, 2012, 2012, 2012, 2012, 2012, 2012, 2012, 2012, 2012, 2012, 2012, 2012, 2012, 2012, 2012, 2012, 2012, 2012, 2012, 2012, 2012, 2012, 2012, 2012, 2012, 2012, 2012, 2012, 2012, 2012, 2012, 2012, 2012, 2012, 2012, 2012, 2012, 2012, 2012, 2012, 2012, 2012, 2013, 2013, 2013, 2013, 2013, 2013, 2013, 2013, 2013, 2013, 2013, 2013, 2013, 2013, 2013, 2013, 2013, 2013, 2013, 2013, 2013, 2013, 2013, 2013, 2013, 2013, 2013, 2013, 2013, 2013, 2013, 2013, 2013, 2013, 2013, 2013, 2013, 2013, 2013, 2013, 2013, 2013, 2013, 2013, 2013, 2013, 2013, 2013, 2013, 2013, 2013, 2013, 2013, 2013, 2013, 2014, 2014, 2014, 2014, 2014, 2014, 2014, 2014, 2014, 2014, 2014, 2014, 2014, 2014, 2014, 2014, 2014, 2014, 2014, 2014, 2014, 2014, 2014, 2014, 2014, 2014, 2014, 2014, 2014, 2014, 2014, 2014, 2014, 2014, 2014, 2014, 2014, 2014, 2014, 2014, 2014, 2014, 2014, 2014, 2014, 2014, 2014, 2014, 2014, 2014, 2014, 2014, 2014, 2014, 2014,
범죄, 범죄, 계, 계, 계, 계, 계, 계, 계, 계, 계, 계, 계, 계, 계, 계, 계, 계, 계, 계, 계, 계, 계, 계, 계, 계, 계, 계, 계, 계, 계, 계, 계, 계, 계, 계, 계, 계, 계, 계, 계, 계, 계, 계, 계, 계, 계, 계, 계, 계, 계, 계, 계, 계, 계, 계, 계, 계, 계, 계, 계, 계, 계, 계, 계, 계, 계, 계, 계, 계, 계, 계, 계, 계, 계, 계, 계, 계, 계, 계, 계, 계, 계, 계, 계, 계, 계, 계, 계, 계, 계, 계, 계, 계, 계, 계, 계, 계, 계, 계, 계, 계, 계, 계, 계, 계, 계, 계, 계, 계, 계, 계, 계, 계, 계, 계, 계, 계, 계, 계, 계, 계, 계, 계, 계, 계, 계, 계, 계, 계, 계, 계, 계, 계, 계, 계, 계, 계, 계, 계, 계, 계, 계, 계, 계, 계, 계, 계, 계, 계, 계, 계, 계, 계, 계, 계, 계, 계, 계, 계, 계, 계, 계, 계, 계, 계, 계, 계, 계, 계, 계, 계, 계, 계, 계, 계, 계, 계, 계, 계, 계, 계, 계, 계, 계, 계, 계, 계, 계, 계, 계, 계, 계, 계, 계, 계, 계, 계, 계, 계, 계, 계, 계, 계, 계, 계, 계, 계, 계, 계, 계, 계, 계, 계, 계, 계, 계, 계, 계, 계, 계, 계,
범죄, 범죄, 서울, 부산, 대구, 인천, 광주, 대전, 울산, 부천, 수원, 성남, 전주, 안양, 청주, 마산, 창원, 광명, 포항, 안산, 진주, 고양, 제주, 목포, 의정부, 익산, 군산, 구미, 천안, 여수, 춘천, 원주, 평택, 경주, 김해, 순천, 군포, 남양주, 강릉, 충주, 안동, 경산, 아산, 거제, 김천, 정읍, 용인, 시흥, 파주, 양산, 이천, 구리, 서산, 제천, 논산, 기타도시, 도시이외, 서울, 부산, 대구, 인천, 광주, 대전, 울산, 부천, 수원, 성남, 전주, 안양, 청주, 마산, 창원, 광명, 포항, 안산, 진주, 고양, 제주, 목포, 의정부, 익산, 군산, 구미, 천안, 여수, 춘천, 원주, 평택, 경주, 김해, 순천, 군포, 남양주, 강릉, 충주, 안동, 경산, 아산, 거제, 김천, 정읍, 용인, 시흥, 파주, 양산, 이천, 구리, 서산, 제천, 논산, 기타도시, 도시이외, 서울, 부산, 대구, 인천, 광주, 대전, 울산, 부천, 수원, 성남, 전주, 안양, 청주, 마산, 창원, 광명, 포항, 안산, 진주, 고양, 제주, 목포, 의정부, 익산, 군산, 구미, 천안, 여수, 춘천, 원주, 평택, 경주, 김해, 순천, 군포, 남양주, 강릉, 충주, 안동, 경산, 아산, 거제, 김천, 정읍, 용인, 시흥, 파주, 양산, 이천, 구리, 서산, 제천, 논산, 기타도시, 도시이외, 서울, 부산, 대구, 인천, 광주, 대전, 울산, 부천, 수원, 성남, 전주, 안양, 청주, 마산, 창원, 광명, 포항, 안산, 진주, 고양, 제주, 목포, 의정부, 익산, 군산, 구미, 천안, 여수, 춘천, 원주, 평택, 경주, 김해, 순천, 군포, 남양주, 강릉, 충주, 안동, 경산, 아산, 거제, 김천, 정읍, 용인, 시흥, 파주, 양산, 이천, 구리, 서산, 제천, 논산, 기타도시, 도시이외
강력범죄, 강력범죄(소계), 6878, 2110, 1106, 1696, 952, 808, 542, 585, 709, 524, 292, 284, 384, 201, 280, 104, 210, 513, 150, 429, 336, 159, 233, 163, 123, 225, 366, 80, 98, 171, 250, 125, 204, 158, 115, 175, 114, 93, 87, 123, 104, 106, 46, 36, 252, 263, 128, 78, 93, 121, 66, 72, 75, 1633, 1471, 6033, 1836, 1196, 1522, 1059, 711, 471, 520, 677, 459, 319, 281, 360, 19, 426, 128, 173, 444, 118, 393, 348, 133, 272, 170, 118, 187, 359, 143, 115, 180, 205, 140, 204, 137, 142, 181, 105, 97, 82, 119, 115, 109, 47, 50, 256, 276, 159, 115, 106, 102, 83, 60, 60, 1668, 1364, 6272, 2203, 1372, 1542, 978, 809, 550, 511, 703, 457, 341, 279, 366, 1, 475, 112, 180, 460, 145, 441, 498, 178, 248, 160, 119, 216, 410, 159, 120, 164, 264, 163, 228, 126, 106, 172, 142, 96, 82, 224, 134, 102, 48, 54, 273, 225, 143, 100, 97, 91, 71, 60, 67, 1912, 1513, 6268, 1860, 1154, 1478, 953, 725, 534, 438, 629, 492, 299, 352, 399, , 382, 125, 172, 348, 169, 332, 398, 154, 242, 150, 146, 147, 368, 112, 127, 180, 244, 142, 164, 115, 105, 172, 128, 76, 62, 106, 123, 111, 40, 66, 279, 180, 156, 108, 90, 103, 92, 84, 67, 1848, 1483,
강력범죄, 살인(기수), 83, 27, 14, 26, 13, 12, 10, 3, 8, 10, 7, 4, 1, 3, 3, 3, 3, 7, 0, 9, 9, 1, 3, 5, 2, 3, 7, 2, 0, 1, 5, 6, 3, 0, 2, 2, 4, 3, 6, 4, 2, 1, 0, 2, 3, 4, 4, 1, 4, 1, 1, 3, 4, 42, 41, 66, 28, 17, 21, 15, 10, 9, 1, 7, 7, 11, 4, 5, 1, 13, 1, 3, 2, 4, 5, 7, 0, 2, 4, 1, 3, 4, 1, 2, 4, 4, 2, 4, 5, 2, 7, 3, 2, 4, 1, 1, 4, 0, 3, 6, 5, 3, 3, 1, 1, 3, 1, 1, 36, 51, 49, 26, 12, 13, 6, 12, 10, 6, 5, 3, 2, 3, 3, 0, 13, 1, 2, 6, 2, 4, 10, 3, 3, 2, 5, 3, 8, 5, 3, 7, 2, 4, 3, 0, 0, 2, 5, 2, 1, 0, 4, 1, 1, 0, 8, 4, 4, 0, 2, 0, 1, 0, 3, 31, 37, 56, 21, 17, 16, 12, 12, 13, 6, 4, 7, 6, 0, 2, , 7, 1, 6, 9, 7, 4, 5, 1, 2, 4, 2, 5, 6, 3, 1, 2, 1, 3, 2, 4, 1, 8, 1, 2, 0, 3, 3, 1, 0, 2, 4, 4, 4, 1, 0, 2, 2, 1, 2, 33, 51,
강력범죄, 살인(미수등), 176, 80, 23, 43, 12, 20, 18, 11, 26, 12, 6, 4, 14, 9, 9, 1, 9, 11, 10, 5, 10, 6, 6, 4, 2, 4, 7, 2, 1, 6, 6, 2, 13, 2, 1, 5, 2, 6, 3, 1, 5, 8, 2, 1, 11, 10, 4, 2, 2, 2, 6, 2, 2, 53, 79, 112, 56, 16, 29, 13, 20, 14, 11, 13, 11, 5, 8, 12, 3, 12, 2, 1, 7, 1, 8, 7, 4, 6, 3, 2, 5, 10, 4, 4, 1, 7, 5, 7, 2, 3, 5, 1, 6, 1, 1, 2, 4, 4, 1, 6, 4, 4, 3, 3, 0, 5, 1, 4, 57, 48, 101, 50, 28, 26, 17, 18, 8, 9, 9, 4, 12, 5, 10, 0, 11, 1, 6, 9, 5, 7, 20, 2, 3, 1, 2, 4, 12, 4, 2, 4, 7, 2, 7, 2, 0, 5, 1, 3, 3, 2, 2, 2, 1, 2, 7, 5, 2, 2, 5, 1, 4, 2, 7, 52, 71, 100, 50, 17, 34, 7, 17, 10, 6, 12, 5, 3, 7, 12, , 14, 2, 5, 3, 5, 7, 13, 3, 7, 1, 3, 0, 11, 1, 1, 4, 7, 5, 5, 0, 0, 1, 3, 2, 0, 4, 4, 4, 1, 1, 4, 8, 6, 4, 4, 1, 5, 5, 4, 51, 52,
강력범죄, 강도, 950, 441, 192, 250, 149, 174, 105, 61, 89, 79, 42, 36, 60, 37, 63, 13, 30, 100, 33, 38, 38, 14, 29, 23, 15, 39, 57, 15, 14, 23, 45, 13, 32, 27, 12, 23, 10, 13, 6, 27, 12, 12, 4, 2, 25, 38, 14, 8, 16, 15, 10, 16, 5, 249, 151, 569, 295, 102, 135, 102, 100, 37, 49, 74, 28, 24, 30, 48, 5, 52, 9, 31, 41, 18, 34, 35, 16, 25, 13, 18, 28, 31, 13, 13, 15, 27, 12, 28, 13, 10, 16, 2, 11, 5, 8, 15, 5, 5, 12, 21, 34, 11, 13, 8, 13, 9, 8, 9, 181, 121, 421, 224, 110, 117, 86, 69, 45, 36, 40, 33, 13, 9, 34, 0, 49, 5, 9, 35, 12, 23, 38, 19, 11, 17, 11, 18, 39, 6, 7, 11, 16, 11, 15, 15, 8, 10, 7, 7, 8, 7, 18, 4, 4, 3, 18, 26, 13, 5, 3, 5, 2, 3, 3, 127, 95, 341, 131, 63, 111, 53, 82, 32, 24, 31, 28, 30, 12, 32, , 37, 12, 5, 19, 7, 17, 25, 12, 13, 13, 8, 20, 33, 8, 13, 12, 19, 5, 7, 5, 5, 15, 11, 4, 0, 4, 8, 5, 3, 4, 17, 12, 10, 9, 13, 7, 4, 6, 5, 103, 81,
강력범죄, 강간·강제추행, 5242, 1443, 793, 1251, 725, 535, 382, 470, 547, 372, 211, 223, 273, 119, 189, 81, 158, 358, 98, 339, 244, 126, 176, 115, 91, 161, 259, 56, 71, 125, 176, 86, 129, 115, 94, 129, 93, 61, 53, 81, 77, 67, 30, 26, 196, 192, 98, 59, 66, 89, 45, 43, 55, 1165, 1040, 4916, 1332, 974, 1227, 861, 523, 373, 413, 548, 377, 265, 221, 271, 9, 333, 109, 128, 356, 85, 323, 264, 104, 222, 143, 88, 131, 290, 116, 88, 151, 152, 96, 141, 100, 118, 135, 88, 64, 64, 94, 87, 83, 34, 33, 201, 204, 129, 84, 82, 78, 58, 43, 39, 1220, 1002, , , , , , , , , , , , , , , , , , , , , , , , , , , , , , , , , , , , , , , , , , , , , , , , , , , , , , , , , , , , , , , , , , , , , , , , , , , , , , , , , , , , , , , , , , , , , , , , , , , , , , , , , , , , , , ,
강력범죄, 강간, , , , , , , , , , , , , , , , , , , , , , , , , , , , , , , , , , , , , , , , , , , , , , , , , , , , , , , , , , , , , , , , , , , , , , , , , , , , , , , , , , , , , , , , , , , , , , , , , , , , , , , , , , , , , , , 1190, 470, 256, 308, 246, 198, 114, 99, 144, 76, 74, 64, 80, 0, 120, 21, 42, 83, 36, 83, 97, 50, 51, 51, 25, 53, 101, 40, 27, 31, 60, 37, 48, 35, 19, 35, 44, 26, 21, 26, 28, 18, 12, 17, 58, 52, 27, 23, 23, 27, 21, 14, 15, 445, 392, 1045, 399, 219, 308, 220, 168, 126, 78, 131, 102, 57, 77, 79, , 99, 35, 40, 74, 31, 43, 73, 30, 46, 51, 23, 44, 75, 24, 31, 51, 39, 35, 44, 23, 24, 37, 28, 15, 19, 21, 23, 26, 4, 12, 58, 41, 36, 25, 15, 22, 16, 8, 13, 392, 323,
강력범죄, 유사강간, , , , , , , , , , , , , , , , , , , , , , , , , , , , , , , , , , , , , , , , , , , , , , , , , , , , , , , , , , , , , , , , , , , , , , , , , , , , , , , , , , , , , , , , , , , , , , , , , , , , , , , , , , , , , , , 25, 15, 4, 10, 12, 2, 6, 4, 2, 4, 0, 1, 1, 0, 1, 0, 2, 5, 1, 3, 2, 0, 1, 0, 1, 3, 1, 0, 0, 2, 3, 1, 2, 0, 1, 0, 0, 0, 0, 0, 0, 1, 0, 1, 0, 3, 0, 0, 0, 2, 0, 1, 0, 2, 7, 99, 35, 12, 17, 18, 10, 7, 6, 11, 16, 3, 4, 3, , 5, 2, 1, 7, 2, 4, 9, 2, 2, 2, 2, 4, 4, 1, 0, 0, 11, 1, 2, 0, 2, 1, 2, 2, 0, 0, 0, 0, 1, 0, 2, 5, 3, 4, 1, 0, 1, 2, 1, 26, 20,
강력범죄, 강제추행, , , , , , , , , , , , , , , , , , , , , , , , , , , , , , , , , , , , , , , , , , , , , , , , , , , , , , , , , , , , , , , , , , , , , , , , , , , , , , , , , , , , , , , , , , , , , , , , , , , , , , , , , , , , , , , 3916, 1179, 808, 882, 519, 395, 284, 305, 432, 278, 174, 173, 202, 1, 197, 71, 91, 262, 65, 272, 228, 81, 147, 71, 56, 94, 177, 71, 62, 90, 146, 73, 108, 58, 62, 102, 60, 45, 37, 149, 67, 61, 24, 17, 147, 118, 72, 58, 51, 49, 30, 35, 31, 958, 637, 4132, 1035, 675, 822, 577, 365, 296, 273, 395, 299, 164, 232, 199, , 181, 64, 96, 190, 97, 224, 198, 91, 144, 62, 86, 59, 193, 56, 70, 93, 139, 72, 87, 72, 61, 101, 64, 35, 33, 59, 69, 67, 18, 37, 164, 81, 84, 51, 44, 56, 47, 55, 29, 1000, 718,
강력범죄, 기타(강간·강제추행), , , , , , , , , , , , , , , , , , , , , , , , , , , , , , , , , , , , , , , , , , , , , , , , , , , , , , , , , , , , , , , , , , , , , , , , , , , , , , , , , , , , , , , , , , , , , , , , , , , , , , , , , , , , , , , 253, 126, 77, 87, 46, 49, 45, 27, 31, 22, 46, 10, 23, 0, 45, 7, 7, 32, 12, 21, 57, 14, 18, 10, 7, 30, 29, 14, 11, 6, 10, 14, 31, 8, 7, 9, 15, 4, 6, 14, 6, 9, 2, 9, 13, 7, 12, 8, 7, 3, 4, 1, 3, 134, 149, 181, 80, 70, 58, 22, 29, 14, 18, 12, 14, 18, 10, 8, , 11, 5, 10, 10, 9, 5, 33, 8, 4, 9, 7, 5, 13, 4, 3, 6, 7, 8, 4, 2, 6, 1, 8, 6, 3, 6, 5, 4, 1, 9, 19, 13, 1, 4, 8, 3, 7, 4, 5, 88, 93,
강력범죄, 방화, 427, 119, 84, 126, 53, 67, 27, 40, 39, 51, 26, 17, 36, 33, 16, 6, 10, 37, 9, 38, 35, 12, 19, 16, 13, 18, 36, 5, 12, 16, 18, 18, 27, 14, 6, 16, 5, 10, 19, 10, 8, 18, 10, 5, 17, 19, 8, 8, 5, 14, 4, 8, 9, 124, 160, 370, 125, 87, 110, 68, 58, 38, 46, 35, 36, 14, 18, 24, 1, 16, 7, 10, 38, 10, 23, 35, 9, 17, 7, 9, 20, 24, 9, 8, 9, 15, 25, 24, 17, 9, 18, 11, 14, 8, 15, 10, 13, 4, 1, 22, 29, 12, 12, 12, 10, 8, 7, 7, 174, 142, 317, 113, 77, 99, 46, 66, 38, 25, 40, 37, 20, 14, 13, 0, 39, 6, 21, 28, 12, 28, 46, 9, 14, 8, 12, 11, 43, 19, 8, 13, 20, 21, 14, 8, 9, 9, 10, 9, 6, 26, 9, 6, 4, 5, 22, 10, 13, 4, 6, 4, 9, 4, 5, 163, 125, 314, 109, 81, 112, 44, 42, 36, 27, 33, 21, 18, 10, 64, , 28, 4, 9, 36, 11, 28, 42, 7, 24, 8, 15, 10, 33, 15, 8, 12, 21, 13, 13, 9, 6, 8, 11, 10, 7, 9, 11, 4, 12, 1, 11, 16, 12, 10, 5, 12, 10, 3, 8, 155, 145,
절도범죄, , 54310, 24697, 14852, 10146, 13373, 12764, 6764, 5783, 6373, 4882, 3862, 2594, 5887, 3358, 4758, 1223, 3030, 3733, 2100, 3654, 5405, 2092, 2320, 1717, 1348, 2472, 4902, 1220, 1407, 2615, 2486, 1705, 3616, 1649, 1088, 1936, 1028, 1237, 894, 1728, 1451, 1399, 541, 567, 2992, 1900, 1283, 1391, 873, 1222, 588, 623, 786, 17440, 17298, 61332, 25494, 16554, 10394, 12678, 12568, 6118, 6714, 6854, 5300, 3571, 2556, 4980, 364, 6540, 1471, 2752, 4598, 1837, 3931, 5053, 1933, 2216, 2180, 1104, 2587, 5252, 1413, 1357, 2281, 2918, 1753, 3645, 1287, 1232, 1847, 1379, 1216, 885, 1499, 1877, 1361, 539, 484, 3022, 1610, 1294, 1504, 769, 1298, 668, 524, 817, 18734, 16316, 61600, 23887, 17481, 10989, 12419, 11717, 6643, 6881, 6642, 5028, 4222, 2464, 4737, 6, 7173, 1569, 2575, 4187, 1866, 3890, 5834, 1773, 2353, 2126, 1103, 2629, 4551, 1356, 1375, 2033, 2901, 1844, 3158, 1361, 1219, 1727, 1130, 1319, 795, 1480, 1888, 1652, 581, 399, 2869, 1906, 1332, 1373, 838, 1239, 789, 628, 863, 18149, 15794, 59371, 21898, 14609, 9737, 10361, 11453, 5777, 5682, 6774, 4551, 3795, 2179, 4805, , 5519, 1666, 2532, 4225, 2265, 3690, 4980, 1637, 2600, 1749, 1311, 2315, 4412, 1144, 1109, 1786, 2820, 1239, 3784, 1344, 1287, 1784, 1074, 1092, 746, 1408, 1430, 1313, 571, 489, 2916, 1874, 1270, 1274, 734, 1023, 802, 583, 692, 17551, 13190,
폭력범죄, 폭력범죄(소계), 72056, 20669, 17657, 16167, 11279, 6897, 7305, 6974, 7650, 6759, 3236, 3938, 4608, 2642, 3930, 2080, 2357, 5399, 1538, 5397, 5640, 2264, 3862, 1696, 1531, 2258, 3099, 1928, 1799, 3443, 2985, 1423, 2835, 1539, 1530, 2515, 2063, 1183, 1128, 1490, 1515, 1190, 566, 610, 3319, 3325, 2204, 1270, 1347, 1766, 629, 690, 568, 21568, 16629, 70668, 22516, 16897, 17350, 11605, 6700, 7391, 6699, 7378, 6387, 3591, 3780, 4447, 316, 5857, 2071, 2459, 5415, 1701, 4667, 4685, 2335, 3507, 1909, 1752, 2176, 3513, 2204, 1962, 3460, 3040, 1513, 2831, 1600, 1629, 2875, 1863, 1068, 1069, 1448, 1517, 1380, 562, 637, 3142, 3227, 1969, 1585, 1330, 1693, 662, 739, 427, 22543, 16832, 65433, 21109, 14216, 16569, 10211, 7004, 7721, 5487, 7055, 5399, 3168, 3527, 4488, 9, 5946, 1994, 2622, 4684, 1688, 4343, 5652, 2463, 3317, 1755, 1604, 2112, 3498, 2019, 1827, 3232, 2882, 1395, 2882, 1614, 1463, 2626, 1693, 989, 940, 1405, 1565, 1612, 607, 619, 2814, 3110, 1797, 1551, 1306, 1463, 672, 731, 411, 22011, 15878, 65316, 21142, 13738, 16791, 10185, 6866, 7645, 5384, 7348, 5655, 3179, 3081, 4771, , 5192, 2075, 2440, 4936, 1588, 3875, 5172, 1817, 3338, 1533, 1733, 2109, 3381, 1670, 1768, 2598, 3333, 1308, 2990, 1685, 1429, 2782, 1505, 999, 849, 1332, 1698, 1242, 557, 611, 3086, 2694, 2021, 1415, 1361, 1425, 766, 852, 396, 22009, 15408,
폭력범죄, 상해, 11917, 7211, 4109, 3100, 1569, 2016, 1701, 962, 1491, 1527, 568, 797, 814, 689, 1005, 321, 707, 856, 457, 761, 1237, 536, 437, 351, 338, 542, 783, 388, 618, 682, 628, 401, 580, 333, 184, 361, 474, 308, 357, 306, 492, 496, 180, 166, 601, 392, 354, 417, 196, 216, 205, 186, 206, 5454, 5223, 10742, 6875, 3851, 2894, 1544, 1799, 1538, 732, 1272, 1230, 529, 686, 723, 77, 1409, 344, 705, 771, 458, 711, 1078, 530, 339, 300, 368, 584, 771, 416, 587, 656, 553, 449, 572, 374, 180, 375, 427, 272, 286, 298, 456, 486, 157, 159, 526, 362, 313, 369, 221, 233, 230, 199, 185, 5265, 4876, 9029, 6113, 3317, 2730, 1255, 1845, 1445, 613, 1069, 959, 468, 591, 723, 2, 1411, 253, 710, 650, 441, 575, 1075, 505, 320, 238, 270, 603, 614, 311, 502, 589, 556, 406, 522, 417, 149, 332, 450, 256, 288, 297, 366, 626, 170, 137, 431, 347, 288, 266, 209, 152, 187, 174, 165, 4918, 4549, 7985, 5422, 2955, 2344, 1186, 1616, 1349, 579, 892, 852, 467, 399, 821, , 1237, 195, 614, 632, 349, 543, 878, 346, 357, 201, 262, 568, 536, 288, 437, 465, 551, 386, 624, 334, 165, 310, 409, 257, 236, 275, 362, 468, 145, 121, 429, 339, 241, 286, 190, 120, 207, 175, 156, 4638, 4082,
폭력범죄, 폭행, 36787, 5769, 7205, 7414, 5512, 1601, 2866, 3230, 2780, 2416, 1426, 1575, 1763, 1036, 1480, 946, 668, 2212, 466, 2539, 2155, 865, 1823, 630, 611, 644, 865, 901, 443, 1344, 1017, 409, 1176, 653, 726, 1152, 813, 383, 358, 524, 465, 234, 168, 202, 1419, 1466, 1060, 394, 574, 895, 180, 169, 112, 7686, 4444, 36209, 6750, 6493, 7815, 6051, 1681, 3139, 3292, 3017, 2706, 1700, 1647, 1939, 119, 2245, 864, 765, 2403, 581, 2080, 1639, 1027, 1733, 732, 686, 688, 1203, 1038, 552, 1475, 1134, 401, 1211, 727, 864, 1407, 667, 341, 393, 548, 401, 375, 201, 229, 1376, 1545, 918, 588, 579, 859, 186, 183, 59, 8378, 4707, 34996, 7139, 5310, 7802, 5609, 2079, 3361, 2906, 3160, 2449, 1597, 1628, 1973, 0, 2286, 1040, 842, 2051, 616, 2019, 2227, 1040, 1736, 806, 730, 586, 1435, 989, 588, 1514, 1187, 359, 1286, 695, 782, 1360, 512, 274, 297, 490, 531, 394, 223, 255, 1223, 1544, 762, 669, 594, 782, 178, 225, 64, 8622, 4877, 35962, 7821, 5280, 8300, 5718, 2457, 3654, 2747, 3628, 2666, 1645, 1596, 2097, , 1991, 1134, 857, 2276, 659, 1763, 2196, 801, 1920, 719, 838, 626, 1385, 810, 644, 1167, 1489, 354, 1284, 773, 767, 1456, 428, 268, 249, 472, 687, 366, 200, 277, 1445, 1334, 1021, 544, 601, 814, 254, 349, 67, 9060, 5004,
폭력범죄, 체포·감금, 156, 49, 33, 38, 28, 14, 16, 11, 8, 18, 10, 6, 14, 10, 11, 4, 5, 15, 7, 13, 14, 2, 4, 3, 3, 5, 16, 7, 8, 13, 9, 3, 9, 9, 2, 9, 4, 4, 2, 6, 4, 4, 1, 4, 19, 9, 5, 4, 8, 4, 0, 4, 0, 69, 99, 155, 78, 30, 36, 24, 19, 10, 17, 28, 23, 19, 11, 14, 0, 18, 5, 6, 12, 7, 10, 15, 6, 8, 5, 9, 7, 20, 11, 10, 9, 15, 2, 6, 4, 0, 7, 4, 4, 6, 8, 6, 4, 1, 4, 12, 9, 7, 3, 8, 2, 1, 3, 1, 59, 78, 141, 49, 43, 42, 28, 27, 30, 16, 35, 16, 8, 6, 13, 0, 14, 7, 11, 14, 5, 26, 15, 6, 15, 9, 7, 9, 10, 4, 4, 9, 11, 5, 9, 7, 4, 13, 3, 5, 7, 2, 7, 2, 2, 3, 13, 5, 9, 4, 5, 4, 4, 5, 1, 98, 82, 177, 55, 38, 60, 30, 27, 19, 13, 25, 14, 9, 7, 18, , 14, 8, 7, 11, 6, 22, 7, 5, 4, 5, 8, 2, 16, 6, 5, 5, 5, 9, 11, 3, 10, 11, 7, 4, 6, 3, 8, 1, 3, 2, 13, 10, 10, 8, 2, 4, 2, 2, 4, 107, 77,
폭력범죄, 협박, 781, 326, 174, 131, 131, 83, 61, 59, 67, 78, 38, 34, 47, 21, 42, 18, 22, 49, 20, 68, 105, 25, 30, 19, 19, 22, 32, 18, 24, 37, 43, 18, 33, 16, 8, 37, 19, 13, 24, 24, 13, 20, 7, 11, 39, 32, 27, 18, 9, 15, 4, 3, 13, 281, 270, 1024, 366, 196, 157, 176, 117, 81, 79, 88, 81, 53, 41, 49, 8, 72, 25, 35, 67, 37, 86, 88, 32, 35, 28, 43, 32, 44, 21, 40, 56, 52, 15, 43, 20, 19, 39, 26, 15, 16, 18, 30, 20, 6, 17, 42, 32, 29, 31, 17, 21, 6, 12, 2, 349, 346, 1033, 413, 185, 162, 167, 145, 104, 62, 104, 100, 42, 34, 51, 0, 82, 30, 30, 60, 24, 105, 152, 40, 47, 21, 26, 33, 46, 25, 23, 55, 36, 14, 38, 32, 22, 59, 24, 13, 13, 22, 29, 25, 5, 7, 51, 27, 32, 40, 35, 19, 7, 12, 14, 386, 298, 1149, 507, 230, 211, 168, 152, 102, 63, 112, 100, 45, 44, 55, , 84, 36, 38, 66, 25, 87, 158, 28, 51, 18, 35, 32, 57, 21, 42, 38, 49, 22, 52, 47, 11, 74, 22, 20, 24, 23, 30, 18, 10, 15, 54, 41, 34, 34, 25, 18, 15, 10, 4, 433, 348,
폭력범죄, 약취·유인, 62, 31, 8, 13, 16, 3, 1, 2, 5, 5, 0, 5, 3, 3, 2, 1, 3, 3, 0, 5, 3, 5, 6, 0, 2, 1, 2, 0, 3, 1, 0, 0, 2, 1, 3, 1, 1, 1, 1, 2, 2, 0, 0, 0, 2, 6, 2, 0, 0, 1, 1, 1, 1, 14, 30, 48, 16, 4, 11, 4, 4, 4, 3, 6, 5, 0, 4, 1, 0, 4, 3, 0, 5, 0, 2, 3, 1, 3, 0, 5, 4, 8, 0, 0, 1, 4, 1, 0, 1, 1, 2, 0, 0, 0, 0, 1, 0, 0, 0, 2, 2, 1, 2, 1, 1, 1, 0, 0, 19, 12, 40, 15, 3, 8, 7, 3, 3, 2, 3, 7, 1, 6, 0, 0, 2, 1, 2, 4, 0, 4, 7, 3, 1, 0, 0, 2, 7, 0, 0, 1, 3, 3, 1, 1, 0, 0, 0, 1, 1, 1, 0, 0, 0, 0, 1, 2, 3, 2, 1, 0, 0, 0, 0, 17, 19, 39, 11, 8, 11, 9, 5, 4, 5, 3, 3, 4, 1, 1, , 3, 0, 0, 3, 0, 1, 2, 5, 3, 3, 2, 1, 6, 0, 1, 2, 3, 2, 1, 0, 2, 1, 0, 0, 0, 0, 0, 0, 1, 0, 4, 1, 3, 1, 1, 1, 1, 0, 0, 22, 18,
폭력범죄, 폭력행위, 9466, 3276, 2151, 2631, 1322, 1149, 950, 1036, 1504, 978, 517, 602, 635, 292, 534, 258, 419, 913, 256, 833, 669, 408, 616, 341, 328, 345, 582, 283, 317, 477, 536, 253, 391, 230, 199, 427, 283, 161, 172, 204, 280, 206, 90, 113, 445, 610, 309, 161, 232, 275, 101, 134, 102, 3508, 3219, 9318, 3644, 2263, 2812, 1286, 1102, 964, 998, 1437, 870, 533, 642, 621, 47, 740, 318, 393, 891, 239, 695, 560, 349, 596, 393, 350, 313, 568, 353, 312, 471, 479, 294, 370, 185, 173, 442, 284, 159, 158, 209, 259, 227, 82, 103, 435, 631, 277, 224, 208, 258, 89, 143, 60, 3675, 3223, 7906, 3083, 1915, 2412, 1081, 1013, 1026, 674, 1155, 691, 444, 505, 608, 4, 820, 225, 423, 811, 233, 652, 690, 398, 484, 312, 306, 314, 561, 335, 246, 387, 405, 268, 386, 198, 156, 349, 299, 157, 154, 210, 274, 265, 96, 128, 418, 559, 300, 240, 203, 211, 122, 147, 65, 3504, 2876, 7325, 2796, 1740, 2305, 921, 914, 937, 688, 1128, 686, 402, 383, 562, , 661, 194, 352, 745, 212, 521, 598, 308, 414, 211, 287, 334, 493, 230, 214, 281, 473, 226, 363, 215, 141, 332, 256, 154, 109, 156, 234, 176, 86, 107, 397, 443, 299, 203, 213, 186, 121, 132, 56, 3099, 2670,
폭력범죄, 공갈, 903, 475, 324, 243, 244, 195, 136, 139, 157, 177, 70, 67, 89, 74, 109, 24, 33, 96, 13, 111, 80, 49, 81, 22, 15, 47, 102, 29, 15, 48, 43, 16, 52, 30, 22, 30, 14, 22, 16, 19, 24, 14, 8, 3, 47, 29, 12, 21, 19, 48, 9, 7, 8, 381, 178, 1071, 839, 495, 521, 277, 188, 146, 172, 139, 157, 98, 55, 79, 5, 162, 25, 37, 120, 39, 96, 52, 46, 97, 28, 24, 54, 71, 36, 25, 42, 47, 32, 67, 24, 29, 64, 20, 24, 14, 36, 21, 21, 9, 6, 48, 47, 27, 29, 14, 33, 20, 5, 16, 462, 387, 809, 449, 286, 367, 130, 108, 100, 73, 101, 98, 51, 29, 51, 1, 88, 24, 36, 76, 15, 72, 120, 30, 52, 67, 15, 20, 49, 21, 8, 21, 31, 38, 38, 16, 29, 28, 15, 10, 14, 24, 27, 21, 6, 2, 31, 42, 23, 15, 11, 23, 7, 1, 8, 291, 192, 958, 717, 381, 294, 144, 91, 122, 124, 108, 94, 51, 27, 48, , 92, 24, 40, 85, 32, 58, 70, 30, 44, 87, 26, 33, 68, 11, 14, 19, 35, 17, 46, 21, 8, 34, 10, 10, 16, 25, 19, 9, 6, 5, 61, 33, 25, 16, 23, 14, 13, 3, 12, 299, 210,
폭력범죄, 손괴, 11984, 3532, 3653, 2597, 2457, 1836, 1574, 1535, 1638, 1560, 607, 852, 1243, 517, 747, 508, 500, 1255, 319, 1067, 1377, 374, 865, 330, 215, 652, 717, 302, 371, 841, 709, 323, 592, 267, 386, 498, 455, 291, 198, 405, 235, 216, 112, 111, 747, 781, 435, 255, 309, 312, 129, 186, 126, 4175, 3166, 12101, 3948, 3565, 3104, 2243, 1790, 1509, 1406, 1391, 1315, 659, 694, 1021, 60, 1207, 487, 518, 1146, 340, 987, 1250, 344, 696, 423, 267, 494, 828, 329, 436, 750, 756, 319, 562, 265, 363, 539, 435, 253, 196, 331, 343, 247, 106, 119, 701, 599, 397, 339, 282, 286, 129, 194, 104, 4336, 3203, 11479, 3848, 3157, 3046, 1934, 1784, 1652, 1141, 1428, 1079, 557, 728, 1069, 2, 1243, 414, 568, 1018, 354, 890, 1366, 441, 662, 302, 250, 545, 776, 334, 456, 656, 653, 302, 602, 248, 321, 485, 390, 273, 166, 359, 331, 279, 105, 87, 646, 584, 380, 315, 248, 272, 167, 167, 94, 4175, 2985, 11721, 3813, 3106, 3266, 2009, 1604, 1458, 1165, 1452, 1240, 556, 624, 1169, , 1110, 484, 532, 1118, 305, 880, 1263, 294, 545, 289, 275, 513, 820, 304, 411, 621, 728, 292, 609, 292, 325, 564, 373, 286, 209, 378, 358, 204, 106, 84, 683, 493, 388, 323, 306, 268, 153, 181, 97, 4351, 2999,
지능범죄, 지능범죄(소계), 71386, 28310, 12957, 12511, 7973, 7537, 4631, 5239, 5571, 4849, 2568, 2862, 2551, 1981, 3459, 1041, 2289, 4190, 1526, 4188, 3612, 1891, 2619, 1139, 1950, 2126, 3128, 1276, 1080, 1665, 2131, 1442, 2177, 1428, 941, 1826, 1121, 967, 826, 951, 1032, 1457, 395, 568, 2487, 2475, 1630, 1044, 925, 1178, 786, 528, 610, 20541, 22231, 72333, 25502, 12859, 14059, 8980, 8243, 5283, 5974, 5900, 4908, 2741, 2673, 2687, 325, 5446, 1355, 2356, 4152, 1574, 4606, 4211, 1916, 2808, 1225, 3262, 2842, 3263, 1406, 1124, 2042, 2389, 1501, 2723, 1345, 1423, 2164, 1174, 1146, 984, 1205, 1299, 1716, 544, 513, 3119, 2362, 2370, 1269, 1022, 1393, 1395, 666, 570, 22666, 22088, 76756, 28191, 13639, 18957, 9812, 9742, 6168, 6356, 6496, 6029, 3662, 2987, 2936, 70, 6378, 1666, 3670, 4805, 1771, 5839, 3935, 2257, 2740, 1490, 4477, 3726, 3852, 1567, 1167, 1847, 2864, 1507, 3248, 1343, 1213, 2576, 1408, 1153, 1234, 1797, 1270, 1870, 608, 472, 3864, 3160, 2518, 1640, 1123, 1373, 999, 689, 688, 24765, 23069, 72052, 24263, 12868, 16580, 9628, 8782, 6229, 5887, 6284, 5319, 3327, 2815, 3004, , 6068, 1625, 2324, 4584, 1727, 5699, 3741, 2024, 2906, 1276, 1687, 2757, 4052, 1171, 1011, 1653, 2519, 1355, 2906, 1401, 1228, 2507, 1173, 963, 1038, 1202, 1427, 1551, 550, 452, 3542, 2806, 2712, 1382, 1145, 1415, 809, 654, 734, 23603, 18235,
지능범죄, 직무유기, 94, 13, 13, 14, 5, 13, 2, 7, 6, 4, 4, 2, 4, 2, 8, 1, 6, 7, 1, 1, 6, 2, 3, 1, 1, 1, 3, 0, 5, 5, 3, 0, 1, 2, 0, 8, 3, 2, 3, 3, 4, 0, 1, 2, 1, 3, 0, 1, 2, 2, 0, 1, 1, 38, 62, 119, 35, 16, 7, 15, 11, 6, 6, 6, 11, 8, 3, 12, 0, 5, 0, 2, 9, 3, 8, 6, 1, 4, 3, 1, 0, 5, 2, 6, 5, 1, 3, 2, 1, 0, 8, 10, 0, 1, 1, 2, 2, 0, 5, 1, 1, 2, 3, 1, 3, 1, 2, 1, 51, 79, 128, 40, 11, 21, 11, 14, 18, 4, 17, 6, 6, 5, 6, 0, 15, 0, 3, 7, 2, 13, 3, 1, 4, 2, 2, 2, 1, 2, 7, 5, 9, 1, 4, 3, 0, 4, 9, 1, 3, 1, 0, 9, 0, 0, 2, 2, 0, 6, 3, 3, 0, 4, 0, 52, 83, 121, 34, 25, 19, 18, 24, 22, 3, 13, 10, 5, 1, 5, , 9, 2, 0, 5, 8, 6, 5, 1, 1, 3, 4, 1, 5, 1, 11, 7, 1, 1, 6, 1, 3, 0, 23, 0, 2, 1, 1, 1, 1, 3, 5, 2, 1, 0, 0, 0, 0, 3, 2, 64, 87,
지능범죄, 직권남용, 73, 9, 6, 7, 4, 5, 5, 5, 5, 4, 1, 1, 3, 3, 3, 2, 0, 5, 0, 2, 7, 1, 0, 1, 6, 0, 1, 3, 5, 2, 2, 0, 2, 1, 0, 2, 1, 1, 0, 2, 0, 0, 1, 0, 1, 3, 0, 1, 1, 0, 0, 1, 0, 12, 26, 77, 20, 7, 5, 6, 10, 7, 3, 12, 6, 0, 4, 4, 1, 4, 1, 2, 2, 4, 5, 6, 0, 2, 1, 1, 1, 3, 2, 3, 0, 5, 0, 3, 2, 1, 1, 3, 1, 1, 0, 2, 0, 0, 1, 3, 0, 2, 0, 0, 2, 0, 0, 0, 23, 27, 93, 26, 11, 9, 3, 12, 8, 3, 5, 3, 2, 1, 0, 0, 6, 2, 3, 3, 0, 6, 5, 0, 7, 3, 4, 0, 1, 1, 5, 2, 6, 1, 2, 1, 1, 2, 3, 1, 2, 1, 0, 1, 0, 0, 0, 2, 1, 0, 1, 4, 0, 0, 4, 25, 43, 84, 34, 16, 9, 10, 9, 6, 3, 11, 10, 2, 4, 1, , 3, 0, 2, 3, 0, 7, 5, 1, 6, 1, 1, 0, 10, 0, 5, 4, 3, 1, 1, 1, 1, 5, 13, 1, 0, 3, 0, 3, 0, 0, 6, 4, 2, 0, 0, 0, 1, 2, 2, 43, 25,
지능범죄, 증수뢰, 106, 76, 16, 22, 16, 15, 8, 9, 8, 10, 6, 5, 2, 1, 5, 2, 4, 10, 3, 9, 3, 2, 0, 4, 1, 2, 2, 4, 5, 3, 4, 0, 3, 4, 0, 4, 2, 4, 1, 0, 0, 5, 0, 0, 3, 2, 0, 4, 0, 1, 1, 1, 0, 115, 73, 72, 13, 9, 8, 13, 10, 19, 2, 4, 5, 5, 5, 6, 0, 3, 1, 0, 0, 4, 3, 2, 3, 4, 0, 0, 0, 0, 4, 1, 2, 4, 1, 3, 0, 1, 1, 0, 0, 2, 0, 1, 2, 1, 0, 7, 2, 1, 0, 0, 3, 1, 0, 0, 33, 96, 52, 24, 11, 12, 2, 12, 7, 2, 5, 5, 4, 4, 4, 0, 4, 0, 2, 1, 0, 6, 6, 0, 3, 2, 1, 1, 0, 3, 1, 2, 0, 3, 5, 0, 0, 4, 0, 0, 0, 1, 0, 2, 0, 0, 0, 1, 0, 1, 0, 1, 0, 0, 0, 24, 35, 64, 17, 5, 10, 11, 6, 3, 1, 5, 4, 2, 2, 3, , 3, 0, 2, 1, 1, 2, 2, 2, 0, 2, 1, 1, 5, 4, 1, 0, 0, 4, 1, 2, 6, 2, 2, 0, 4, 0, 0, 0, 0, 2, 1, 0, 2, 0, 0, 1, 0, 0, 0, 35, 29,
지능범죄, 통화, 3914, 156, 238, 563, 95, 196, 40, 114, 222, 170, 12, 147, 43, 18, 21, 72, 30, 70, 23, 129, 9, 23, 142, 8, 9, 2, 54, 10, 47, 25, 72, 15, 2, 7, 23, 113, 32, 35, 12, 9, 29, 0, 2, 8, 62, 13, 61, 5, 6, 114, 15, 7, 1, 380, 275, 3963, 209, 285, 519, 96, 190, 46, 173, 254, 211, 41, 164, 78, 4, 31, 63, 28, 49, 16, 147, 11, 32, 113, 0, 11, 12, 37, 8, 63, 29, 75, 10, 1, 9, 37, 107, 38, 30, 6, 21, 14, 0, 1, 0, 79, 8, 80, 1, 20, 87, 12, 8, 4, 449, 223, 1788, 167, 187, 227, 41, 111, 44, 70, 84, 88, 26, 53, 32, 0, 15, 46, 22, 22, 8, 61, 7, 5, 58, 3, 8, 12, 24, 5, 25, 15, 20, 11, 6, 9, 12, 54, 28, 17, 10, 7, 13, 0, 3, 0, 36, 12, 14, 1, 11, 30, 8, 4, 5, 193, 116, 1434, 69, 70, 136, 41, 78, 7, 44, 46, 63, 9, 44, 22, , 11, 25, 12, 31, 5, 52, 19, 7, 45, 5, 5, 25, 31, 3, 13, 7, 7, 10, 6, 4, 6, 31, 11, 6, 3, 6, 6, 1, 3, 0, 28, 11, 23, 1, 9, 23, 6, 3, 2, 123, 82,
지능범죄, 문서·인장, 3660, 1367, 564, 796, 426, 437, 244, 267, 333, 410, 187, 195, 152, 125, 143, 34, 94, 228, 59, 226, 181, 88, 145, 102, 92, 109, 160, 59, 54, 81, 113, 77, 126, 69, 48, 88, 64, 52, 40, 50, 82, 51, 27, 34, 175, 105, 73, 57, 54, 70, 26, 23, 58, 1070, 1298, 3426, 1063, 630, 811, 365, 453, 246, 259, 352, 293, 163, 166, 147, 20, 247, 54, 96, 215, 64, 221, 185, 75, 138, 101, 88, 112, 207, 82, 60, 214, 104, 72, 129, 57, 48, 102, 60, 59, 45, 61, 58, 53, 19, 35, 175, 104, 96, 63, 79, 66, 35, 30, 43, 1149, 1098, 3481, 1063, 759, 963, 721, 475, 318, 276, 336, 246, 178, 178, 197, 3, 278, 101, 99, 283, 64, 272, 173, 114, 122, 89, 109, 136, 148, 104, 101, 75, 123, 73, 120, 57, 56, 144, 56, 47, 48, 74, 64, 49, 15, 15, 291, 93, 117, 63, 56, 67, 40, 21, 55, 1152, 1027, 3320, 1227, 761, 1008, 420, 451, 277, 291, 363, 212, 224, 158, 139, , 264, 55, 119, 264, 46, 265, 161, 91, 146, 82, 74, 104, 152, 52, 75, 74, 141, 53, 133, 56, 61, 134, 68, 38, 37, 52, 67, 76, 20, 22, 152, 117, 110, 47, 48, 72, 37, 33, 50, 1066, 876,
지능범죄, 유가증권인지, 314, 46, 41, 66, 21, 13, 7, 17, 12, 9, 6, 9, 8, 2, 5, 3, 1, 10, 1, 18, 1, 3, 5, 4, 3, 2, 1, 1, 1, 3, 0, 3, 4, 1, 1, 3, 3, 1, 0, 1, 3, 0, 3, 1, 13, 11, 3, 2, 2, 4, 2, 3, 0, 73, 33, 198, 26, 23, 25, 5, 16, 3, 22, 7, 7, 5, 3, 7, 0, 6, 1, 0, 11, 0, 18, 3, 2, 1, 1, 0, 1, 2, 1, 1, 1, 2, 3, 3, 3, 0, 9, 2, 1, 3, 0, 0, 0, 0, 0, 6, 6, 5, 1, 4, 4, 2, 0, 1, 27, 30, 178, 20, 19, 27, 14, 9, 3, 9, 7, 6, 5, 5, 5, 0, 9, 4, 1, 14, 0, 11, 1, 1, 2, 1, 3, 8, 1, 3, 1, 1, 3, 1, 4, 0, 0, 6, 3, 1, 0, 1, 0, 0, 0, 0, 3, 6, 3, 3, 3, 1, 2, 0, 1, 25, 22, 158, 14, 19, 23, 4, 4, 4, 14, 3, 6, 1, 3, 3, , 5, 3, 0, 6, 1, 3, 1, 0, 3, 1, 3, 9, 4, 2, 0, 2, 2, 0, 1, 1, 2, 4, 0, 1, 1, 0, 2, 0, 0, 1, 2, 3, 2, 0, 0, 1, 0, 0, 1, 28, 9,
지능범죄, 사기, 55194, 24372, 10968, 9531, 6491, 6058, 3826, 4187, 4340, 3534, 2039, 2177, 2078, 1654, 2999, 775, 1938, 3427, 1287, 3139, 2773, 1619, 2029, 891, 1704, 1794, 2603, 1065, 833, 1345, 1700, 1189, 1770, 1225, 738, 1320, 917, 773, 698, 770, 779, 1174, 315, 464, 1837, 2093, 1263, 831, 731, 863, 683, 420, 481, 15941, 17825, 55533, 21605, 10727, 10960, 7513, 6743, 4379, 4736, 4463, 3614, 2195, 1957, 2191, 274, 4667, 1056, 1982, 3306, 1326, 3489, 3321, 1637, 2169, 942, 2964, 2467, 2620, 1181, 850, 1489, 1911, 1277, 2275, 1156, 1160, 1603, 936, 950, 854, 996, 1028, 1523, 454, 412, 2385, 1951, 1891, 1068, 783, 1073, 683, 549, 454, 18077, 17561, 61108, 23617, 11297, 15211, 7920, 8158, 5133, 5133, 5152, 4770, 3107, 2323, 2438, 65, 5390, 1344, 3278, 3863, 1551, 4596, 3316, 1952, 2177, 1233, 4181, 3315, 3295, 1286, 875, 1466, 2379, 1255, 2765, 1154, 980, 2007, 1183, 998, 1061, 1545, 1017, 1585, 536, 406, 3031, 2713, 2071, 1383, 872, 1136, 853, 574, 559, 20389, 18080, 56040, 19818, 10571, 12887, 7661, 7115, 5256, 4576, 4888, 4063, 2751, 2120, 2550, , 5061, 1274, 1946, 3623, 1448, 4232, 3086, 1730, 2284, 1029, 1439, 2382, 3337, 963, 717, 1338, 1988, 1112, 2412, 1208, 978, 1902, 926, 810, 887, 975, 982, 1283, 468, 368, 2792, 2291, 2204, 1150, 931, 1145, 670, 529, 607, 18796, 14810,
지능범죄, 횡령, 6783, 1897, 1007, 1299, 810, 711, 434, 569, 594, 640, 276, 275, 219, 159, 238, 141, 186, 386, 138, 587, 351, 127, 274, 111, 114, 180, 271, 109, 109, 186, 215, 129, 235, 104, 118, 247, 90, 83, 69, 98, 113, 210, 31, 52, 348, 211, 192, 125, 111, 109, 50, 67, 61, 2306, 2212, 7744, 2141, 1047, 1549, 886, 713, 502, 717, 744, 694, 284, 342, 210, 24, 436, 163, 213, 516, 147, 655, 642, 138, 352, 154, 178, 217, 346, 112, 119, 280, 255, 111, 275, 109, 158, 287, 116, 89, 63, 113, 164, 120, 59, 52, 407, 262, 244, 114, 120, 144, 642, 64, 54, 2417, 2569, 8591, 2976, 1218, 2236, 1019, 876, 534, 794, 815, 825, 290, 358, 218, 2, 598, 159, 228, 554, 121, 807, 394, 164, 342, 130, 145, 233, 347, 130, 126, 266, 293, 137, 299, 110, 154, 311, 109, 75, 106, 152, 148, 195, 47, 45, 441, 293, 268, 164, 155, 124, 85, 80, 55, 2509, 3041, 9628, 2671, 1238, 2262, 1294, 994, 568, 898, 886, 878, 287, 441, 253, , 641, 251, 210, 593, 204, 1048, 385, 165, 400, 139, 146, 216, 467, 128, 172, 197, 336, 149, 303, 117, 159, 394, 119, 96, 90, 153, 349, 159, 53, 52, 491, 343, 320, 171, 135, 159, 83, 72, 62, 3023, 1976,
지능범죄, 배임, 1248, 374, 104, 213, 105, 89, 65, 64, 51, 68, 37, 51, 42, 17, 37, 11, 30, 47, 14, 77, 281, 26, 21, 17, 20, 36, 33, 25, 21, 15, 22, 29, 34, 15, 13, 41, 9, 16, 3, 18, 22, 17, 15, 7, 47, 34, 38, 18, 18, 15, 9, 5, 8, 606, 427, 1201, 390, 115, 175, 81, 97, 75, 56, 58, 67, 40, 29, 32, 2, 47, 16, 33, 44, 10, 60, 35, 28, 25, 23, 19, 32, 43, 14, 21, 22, 32, 24, 32, 8, 18, 46, 9, 16, 9, 13, 30, 16, 10, 8, 56, 28, 49, 19, 15, 11, 19, 13, 13, 440, 405, 1337, 258, 126, 251, 81, 75, 103, 65, 75, 80, 44, 60, 36, 0, 63, 10, 34, 58, 25, 67, 30, 20, 25, 27, 24, 19, 35, 33, 26, 15, 31, 25, 43, 9, 10, 44, 17, 13, 4, 15, 28, 29, 7, 6, 60, 38, 44, 19, 22, 7, 11, 6, 9, 396, 622, 1203, 379, 163, 226, 169, 101, 86, 57, 69, 73, 46, 42, 28, , 71, 15, 33, 58, 14, 84, 77, 27, 21, 14, 14, 19, 41, 18, 17, 24, 41, 25, 43, 11, 12, 35, 11, 11, 14, 12, 20, 28, 5, 4, 65, 35, 48, 13, 22, 14, 12, 12, 8, 425, 341,
풍속범죄, 풍속범죄(소계), 5206, 3602, 1339, 1293, 1076, 1440, 538, 518, 513, 731, 483, 191, 378, 122, 287, 152, 275, 485, 121, 285, 420, 123, 184, 376, 196, 285, 260, 175, 93, 290, 314, 229, 177, 289, 85, 129, 133, 109, 76, 125, 114, 243, 64, 61, 536, 231, 117, 91, 80, 122, 60, 46, 44, 2269, 1653, 4670, 2578, 1222, 1394, 887, 792, 429, 444, 472, 618, 514, 282, 259, 13, 408, 126, 244, 396, 122, 625, 429, 100, 192, 294, 171, 191, 255, 124, 90, 149, 238, 94, 182, 252, 84, 119, 63, 101, 77, 137, 123, 241, 49, 27, 291, 324, 199, 96, 64, 117, 51, 38, 40, 1917, 1387, 5221, 3161, 1542, 1632, 1022, 1098, 482, 551, 532, 536, 391, 430, 297, 11, 454, 180, 300, 564, 158, 498, 343, 165, 172, 249, 120, 212, 283, 136, 97, 162, 256, 122, 255, 131, 102, 149, 86, 119, 76, 182, 115, 166, 91, 35, 292, 245, 192, 153, 66, 135, 49, 39, 42, 1874, 1402, 5798, 2245, 1742, 1439, 728, 779, 468, 427, 494, 402, 323, 471, 621, , 257, 143, 257, 357, 125, 336, 345, 134, 139, 240, 113, 202, 236, 109, 87, 109, 187, 202, 267, 123, 112, 166, 96, 78, 48, 140, 128, 152, 31, 32, 267, 359, 117, 97, 70, 110, 118, 37, 35, 1720, 1158,
풍속범죄, 성풍속범죄, 3115, 1730, 596, 648, 303, 800, 196, 225, 254, 334, 334, 115, 158, 60, 153, 88, 111, 148, 62, 155, 180, 41, 85, 100, 145, 90, 98, 41, 38, 85, 153, 51, 100, 42, 52, 51, 93, 39, 28, 61, 45, 38, 29, 26, 385, 71, 55, 33, 36, 50, 24, 12, 18, 935, 466, 3246, 1922, 793, 783, 399, 322, 236, 303, 303, 496, 418, 223, 139, 4, 284, 76, 118, 253, 69, 526, 261, 41, 153, 59, 119, 95, 129, 55, 59, 84, 139, 45, 124, 51, 48, 82, 44, 30, 33, 90, 50, 57, 24, 14, 219, 155, 150, 43, 31, 73, 23, 20, 20, 915, 487, 4136, 2617, 1192, 1223, 688, 667, 324, 428, 385, 406, 308, 392, 193, 10, 250, 129, 194, 375, 114, 407, 219, 78, 119, 171, 69, 125, 181, 39, 58, 116, 181, 73, 195, 45, 80, 102, 67, 45, 41, 156, 52, 52, 60, 16, 230, 164, 161, 93, 43, 105, 27, 19, 21, 1168, 576, 4527, 1626, 1130, 1110, 443, 473, 311, 325, 331, 271, 242, 339, 164, , 158, 108, 88, 227, 94, 248, 219, 82, 83, 136, 75, 116, 144, 43, 53, 78, 105, 133, 223, 48, 52, 119, 64, 37, 28, 104, 87, 39, 13, 7, 194, 290, 77, 51, 42, 86, 98, 16, 18, 1015, 493,
풍속범죄, 도박범죄, 2091, 1872, 743, 645, 773, 640, 342, 293, 259, 397, 149, 76, 220, 62, 134, 64, 164, 337, 59, 130, 240, 82, 99, 276, 51, 195, 162, 134, 55, 205, 161, 178, 77, 247, 33, 78, 40, 70, 48, 64, 69, 205, 35, 35, 151, 160, 62, 58, 44, 72, 36, 34, 26, 1334, 1187, 1424, 656, 429, 611, 488, 470, 193, 141, 169, 122, 96, 59, 120, 9, 124, 50, 126, 143, 53, 99, 168, 59, 39, 235, 52, 96, 126, 69, 31, 65, 99, 49, 58, 201, 36, 37, 19, 71, 44, 47, 73, 184, 25, 13, 72, 169, 49, 53, 33, 44, 28, 18, 20, 1002, 900, 1085, 544, 350, 409, 334, 431, 158, 123, 147, 130, 83, 38, 104, 1, 204, 51, 106, 189, 44, 91, 124, 87, 53, 78, 51, 87, 102, 97, 39, 46, 75, 49, 60, 86, 22, 47, 19, 74, 35, 26, 63, 114, 31, 19, 62, 81, 31, 60, 23, 30, 22, 20, 21, 706, 826, 1271, 619, 612, 329, 285, 306, 157, 102, 163, 131, 81, 132, 457, , 99, 35, 169, 130, 31, 88, 126, 52, 56, 104, 38, 86, 92, 66, 34, 31, 82, 69, 44, 75, 60, 47, 32, 41, 20, 36, 41, 113, 18, 25, 73, 69, 40, 46, 28, 24, 20, 21, 17, 705, 665,
특별경제범죄, , 19136, 6107, 3679, 3677, 2051, 1530, 1434, 1341, 1683, 1384, 622, 797, 598, 429, 716, 320, 603, 1071, 284, 1343, 827, 341, 536, 338, 197, 491, 704, 294, 259, 317, 522, 368, 565, 244, 419, 438, 146, 184, 177, 251, 268, 197, 161, 89, 605, 705, 667, 261, 260, 347, 88, 138, 63, 4485, 3269, 23180, 6233, 3873, 4403, 2123, 1551, 1404, 1692, 1737, 1640, 664, 861, 658, 65, 1256, 543, 645, 1178, 415, 1534, 1182, 250, 717, 321, 327, 517, 883, 356, 307, 381, 708, 374, 736, 296, 346, 513, 254, 200, 207, 329, 344, 257, 221, 92, 918, 681, 847, 368, 324, 329, 103, 148, 135, 5081, 3448, 19684, 5365, 3030, 4902, 1837, 1430, 1350, 1494, 1611, 1615, 492, 761, 601, 4, 1135, 681, 623, 1080, 419, 1234, 1105, 326, 655, 250, 251, 571, 872, 354, 260, 413, 646, 325, 514, 230, 406, 547, 246, 183, 142, 245, 309, 240, 126, 55, 884, 787, 673, 268, 276, 284, 113, 103, 128, 5260, 3624, 20932, 7562, 3066, 4343, 2337, 1337, 1238, 1523, 1481, 2127, 816, 744, 681, , 931, 645, 459, 1107, 368, 1344, 1109, 361, 553, 247, 235, 461, 726, 249, 227, 307, 837, 301, 636, 227, 321, 452, 207, 159, 212, 190, 281, 162, 144, 56, 651, 632, 553, 288, 202, 286, 105, 85, 117, 5201, 3087,
마약범죄, , 716, 702, 262, 296, 51, 63, 43, 45, 50, 71, 8, 18, 16, 86, 48, 13, 21, 51, 92, 38, 39, 7, 57, 3, 6, 11, 15, 13, 39, 22, 61, 24, 67, 17, 4, 19, 3, 13, 16, 11, 9, 9, 4, 2, 26, 24, 8, 24, 22, 10, 15, 10, 10, 334, 516, 698, 777, 213, 495, 40, 45, 48, 49, 65, 78, 1, 15, 27, 17, 135, 14, 13, 49, 108, 19, 27, 7, 27, 7, 4, 37, 16, 21, 21, 14, 120, 10, 96, 9, 2, 13, 14, 10, 19, 6, 11, 7, 10, 10, 17, 31, 22, 12, 22, 14, 11, 12, 1, 379, 323, 877, 669, 343, 356, 45, 95, 41, 44, 67, 103, 15, 23, 24, 1, 131, 16, 14, 65, 75, 39, 22, 3, 42, 5, 18, 26, 17, 11, 37, 18, 66, 7, 104, 13, 8, 38, 5, 6, 8, 14, 12, 38, 19, 11, 33, 26, 34, 33, 9, 13, 19, 6, 1, 403, 430, 1098, 663, 324, 389, 26, 30, 81, 75, 106, 98, 23, 23, 36, , 109, 21, 11, 73, 56, 63, 29, 1, 41, 9, 13, 34, 44, 31, 17, 27, 76, 13, 128, 14, 14, 19, 12, 12, 24, 24, 18, 19, 10, 0, 26, 33, 18, 19, 18, 5, 32, 5, 18, 355, 362,
보건범죄, , 3872, 1563, 348, 550, 245, 207, 220, 204, 324, 246, 138, 81, 67, 106, 286, 100, 149, 203, 86, 203, 402, 60, 81, 53, 95, 59, 94, 56, 25, 112, 128, 81, 231, 32, 63, 247, 28, 20, 45, 19, 32, 104, 39, 39, 157, 175, 60, 100, 44, 61, 29, 31, 24, 1205, 854, 3559, 2946, 362, 606, 295, 199, 313, 179, 327, 316, 159, 61, 122, 32, 273, 88, 567, 211, 118, 254, 83, 55, 77, 65, 101, 76, 101, 1026, 43, 113, 105, 72, 174, 32, 65, 197, 34, 23, 38, 14, 46, 100, 36, 44, 154, 99, 65, 128, 28, 40, 45, 27, 35, 1131, 1341, 3900, 2945, 416, 716, 343, 234, 316, 176, 802, 281, 136, 100, 103, 0, 322, 85, 114, 229, 153, 230, 946, 51, 101, 65, 349, 110, 93, 98, 45, 64, 134, 82, 204, 53, 83, 191, 170, 32, 37, 46, 26, 40, 52, 31, 146, 173, 59, 78, 48, 56, 47, 26, 21, 4076, 949, 4089, 1773, 436, 569, 379, 281, 240, 219, 389, 211, 177, 109, 133, , 373, 93, 87, 191, 134, 269, 113, 37, 114, 63, 72, 82, 90, 48, 34, 92, 141, 58, 160, 47, 78, 199, 39, 27, 28, 29, 37, 86, 43, 36, 156, 157, 85, 51, 41, 54, 40, 27, 30, 1186, 925,
환경범죄, , 32, 181, 12, 52, 7, 6, 118, 5, 17, 12, 12, 1, 6, 14, 13, 14, 81, 21, 11, 30, 44, 25, 6, 27, 22, 10, 19, 37, 14, 22, 23, 28, 18, 4, 1, 24, 23, 2, 3, 4, 4, 19, 2, 4, 32, 85, 17, 6, 44, 4, 38, 13, 19, 690, 671, 32, 173, 11, 72, 8, 15, 74, 5, 10, 15, 14, 0, 4, 3, 34, 14, 73, 9, 8, 36, 39, 20, 6, 25, 52, 23, 29, 72, 14, 21, 42, 23, 43, 8, 0, 22, 23, 7, 3, 3, 7, 22, 3, 7, 28, 91, 12, 4, 28, 5, 14, 9, 19, 1148, 646, 45, 961, 15, 53, 9, 15, 51, 6, 15, 10, 3, 1, 7, 0, 39, 6, 77, 10, 25, 34, 151, 18, 4, 19, 30, 25, 24, 457, 18, 15, 42, 19, 127, 15, 0, 27, 33, 13, 5, 6, 5, 19, 9, 9, 39, 49, 31, 7, 42, 13, 24, 16, 18, 799, 625, 65, 191, 7, 46, 11, 10, 34, 11, 37, 9, 11, 3, 18, , 77, 2, 53, 23, 13, 45, 39, 11, 12, 22, 14, 19, 25, 25, 5, 11, 44, 20, 139, 9, 2, 50, 6, 4, 11, 3, 3, 19, 6, 6, 51, 66, 35, 6, 34, 11, 16, 13, 18, 653, 462,
교통범죄, , 87467, 32131, 34209, 28086, 21878, 12193, 12355, 7237, 10135, 7270, 7172, 4854, 5635, 5604, 8741, 1971, 7235, 6443, 5943, 8201, 7422, 4245, 4291, 5190, 3885, 8234, 6782, 4361, 4042, 4173, 8250, 3428, 9193, 4961, 1741, 4477, 2653, 2513, 2028, 2795, 1735, 3938, 1890, 1257, 6597, 5247, 4295, 3039, 2442, 1742, 1630, 1454, 1340, 45967, 44170, 79627, 32758, 36180, 30491, 24387, 10284, 12521, 9480, 10723, 7823, 8780, 5289, 6278, 612, 9927, 1775, 7881, 6940, 4771, 9312, 9328, 4014, 3543, 5502, 3996, 7735, 7251, 4418, 4934, 5234, 6871, 4785, 6947, 4923, 2046, 4246, 2374, 3019, 2230, 3194, 1623, 4084, 1874, 1311, 6379, 6475, 3861, 3313, 2777, 2221, 1578, 1877, 1099, 47685, 44198, 86560, 31638, 35431, 30232, 26251, 11847, 13949, 10241, 11169, 8789, 7403, 6372, 6503, 2, 11163, 1917, 8932, 7546, 4844, 11224, 11848, 4410, 3858, 4035, 3939, 8431, 7785, 4374, 6097, 5086, 6382, 5224, 7458, 4650, 2240, 4399, 2302, 3393, 2061, 2803, 2064, 3745, 2084, 1153, 6936, 6581, 4879, 4186, 2589, 2230, 1882, 2164, 1272, 53138, 45762, 76497, 36035, 38676, 32322, 24008, 12544, 14514, 10761, 12667, 8594, 6980, 6179, 7749, , 11329, 2221, 7413, 7553, 3346, 11978, 12953, 3999, 3986, 3438, 3998, 8147, 8832, 4456, 5128, 4789, 7701, 4205, 7234, 4797, 2393, 4373, 2582, 3077, 1799, 2679, 2186, 4313, 1915, 1238, 7157, 6518, 5304, 3443, 2618, 2197, 1691, 2027, 1198, 55076, 44680,
노동범죄, , 262, 139, 72, 57, 40, 110, 53, 75, 27, 20, 8, 15, 11, 3, 24, 5, 34, 45, 5, 15, 10, 8, 4, 8, 27, 11, 9, 5, 5, 8, 6, 2, 29, 4, 3, 2, 23, 3, 4, 7, 2, 4, 0, 13, 17, 23, 6, 8, 1, 4, 4, 7, 0, 117, 180, 256, 145, 25, 86, 49, 33, 29, 45, 33, 38, 13, 12, 31, 1, 9, 1, 7, 30, 3, 17, 35, 42, 2, 2, 30, 5, 22, 22, 2, 23, 31, 4, 9, 14, 5, 2, 5, 5, 13, 10, 4, 6, 1, 3, 7, 14, 5, 5, 4, 2, 3, 7, 2, 105, 77, 243, 98, 73, 118, 75, 26, 47, 56, 26, 3, 17, 14, 31, 0, 17, 2, 1, 36, 24, 8, 30, 414, 11, 8, 4, 3, 10, 3, 1, 4, 28, 1, 3, 9, 4, 4, 3, 7, 6, 2, 2, 1, 0, 1, 6, 20, 2, 5, 35, 1, 2, 2, 0, 88, 86, 148, 193, 11, 46, 17, 20, 60, 25, 14, 7, 15, 17, 10, , 26, 5, 7, 54, 2, 8, 11, 341, 3, 0, 7, 9, 16, 1, 12, 1, 5, 1, 9, 2, 3, 6, 2, 2, 3, 5, 4, 8, 0, 1, 14, 4, 2, 0, 0, 3, 3, 2, 0, 75, 68,
안보범죄, , 52, 5, 6, 8, 3, 1, 7, 1, 8, 3, 1, 0, 2, 0, 2, 0, 0, 4, 0, 2, 2, 0, 1, 1, 0, 1, 0, 0, 0, 1, 1, 2, 0, 0, 0, 1, 0, 0, 0, 0, 0, 0, 0, 0, 1, 0, 0, 0, 0, 1, 0, 0, 0, 4, 10, 38, 1, 3, 9, 5, 2, 2, 1, 1, 1, 3, 1, 1, 0, 0, 1, 0, 1, 0, 4, 0, 0, 2, 0, 1, 0, 4, 0, 0, 1, 0, 0, 0, 0, 1, 2, 1, 1, 2, 0, 0, 0, 0, 0, 0, 1, 0, 1, 0, 0, 0, 0, 0, 7, 11, 56, 7, 8, 7, 2, 1, 1, 6, 1, 4, 4, 0, 2, 0, 9, 0, 0, 0, 1, 1, 1, 1, 0, 0, 1, 0, 1, 0, 2, 1, 0, 0, 0, 1, 0, 1, 1, 0, 0, 1, 0, 0, 0, 0, 1, 1, 1, 0, 0, 0, 0, 1, 1, 5, 4, 21, 2, 1, 4, 4, 2, 2, 4, 2, 2, 3, 0, 0, , 1, 0, 0, 0, 0, 2, 2, 0, 0, 0, 1, 0, 0, 1, 0, 1, 0, 2, 0, 1, 0, 0, 1, 0, 0, 3, 0, 0, 0, 0, 2, 0, 5, 0, 0, 0, 1, 0, 0, 6, 8,
선거범죄, , 56, 3, 4, 7, 6, 2, 12, 0, 0, 6, 2, 0, 0, 2, 0, 1, 0, 1, 1, 1, 0, 2, 0, 0, 0, 0, 0, 1, 4, 4, 0, 1, 6, 9, 0, 0, 8, 2, 0, 0, 0, 3, 0, 0, 0, 0, 1, 1, 1, 0, 1, 0, 0, 20, 44, 188, 97, 37, 48, 34, 20, 23, 16, 24, 16, 23, 16, 15, 1, 34, 5, 14, 30, 14, 19, 14, 6, 4, 14, 5, 16, 23, 10, 6, 12, 19, 15, 18, 7, 2, 15, 4, 8, 2, 3, 6, 7, 4, 4, 16, 9, 9, 9, 13, 5, 7, 2, 1, 138, 155, 76, 34, 19, 6, 7, 8, 14, 2, 6, 16, 5, 4, 2, 0, 6, 0, 8, 7, 2, 15, 4, 0, 1, 3, 2, 3, 1, 2, 0, 1, 0, 8, 6, 3, 3, 6, 2, 6, 2, 10, 1, 1, 4, 2, 3, 0, 0, 2, 1, 3, 2, 0, 0, 29, 50, 239, 81, 49, 91, 59, 54, 42, 28, 31, 41, 39, 21, 14, , 29, 14, 28, 14, 13, 15, 28, 17, 6, 25, 9, 7, 9, 20, 10, 10, 14, 12, 11, 20, 7, 2, 8, 9, 3, 7, 6, 8, 11, 6, 19, 11, 8, 7, 7, 12, 10, 3, 4, 216, 410,
병역범죄, , 5399, 1169, 980, 1188, 480, 562, 308, 415, 456, 270, 249, 192, 312, 226, 318, 92, 228, 359, 95, 331, 151, 152, 202, 101, 95, 195, 293, 157, 101, 115, 137, 52, 217, 93, 81, 299, 44, 44, 45, 88, 70, 135, 19, 26, 219, 198, 161, 172, 85, 83, 42, 52, 89, 1572, 1373, 5920, 1487, 1077, 1443, 516, 528, 440, 440, 586, 360, 235, 331, 297, 24, 525, 78, 190, 395, 97, 432, 179, 130, 309, 94, 89, 377, 311, 87, 105, 128, 184, 82, 319, 96, 82, 382, 68, 41, 74, 143, 99, 126, 28, 33, 251, 276, 235, 140, 109, 103, 51, 54, 58, 1543, 1356, 7242, 1392, 949, 2024, 483, 560, 492, 639, 719, 469, 203, 362, 395, 0, 606, 117, 235, 509, 89, 410, 239, 170, 296, 85, 91, 319, 355, 101, 132, 178, 208, 81, 283, 92, 95, 385, 73, 54, 57, 131, 66, 126, 27, 29, 281, 333, 234, 191, 164, 56, 62, 25, 75, 1824, 1360, 5488, 1209, 838, 1621, 433, 537, 485, 377, 548, 329, 204, 275, 395, , 487, 98, 220, 480, 91, 365, 195, 98, 237, 63, 95, 274, 398, 86, 86, 125, 148, 68, 306, 63, 64, 344, 52, 65, 52, 104, 97, 128, 22, 24, 248, 243, 183, 146, 85, 65, 39, 29, 84, 1724, 1029,
기타범죄, , 31925, 14011, 8967, 10907, 4396, 3281, 3525, 2971, 3225, 2473, 1969, 1631, 1995, 1574, 2293, 804, 2345, 2869, 1269, 2304, 3616, 1044, 1302, 792, 1863, 1365, 1708, 5470, 801, 1057, 1416, 927, 1796, 640, 663, 1621, 729, 485, 497, 708, 576, 2336, 263, 351, 1663, 1673, 1123, 695, 622, 676, 440, 395, 385, 14094, 17831, 31934, 15245, 7459, 10394, 4847, 3382, 4170, 2938, 3310, 2506, 1956, 1469, 1688, 161, 2887, 772, 2346, 2120, 1105, 2399, 3432, 845, 1289, 803, 3066, 1078, 1778, 1402, 856, 1665, 1360, 938, 1689, 648, 593, 1684, 1623, 516, 465, 656, 696, 688, 277, 351, 1959, 1190, 993, 724, 696, 529, 1193, 421, 318, 19720, 15038, 34911, 18418, 7720, 10953, 4540, 3831, 3384, 3346, 3605, 2816, 1965, 1572, 1713, 13, 3874, 773, 2713, 2388, 1195, 2804, 4632, 1092, 1354, 992, 2934, 1134, 1760, 5890, 896, 1073, 2097, 756, 1981, 659, 617, 1543, 705, 443, 471, 721, 595, 1964, 306, 363, 1886, 1346, 1056, 776, 761, 481, 484, 348, 387, 15950, 17969, 38048, 16640, 8283, 11390, 5619, 4241, 3977, 3617, 3895, 2965, 1836, 1649, 2305, , 3454, 968, 2064, 2766, 932, 3090, 2664, 1295, 1396, 827, 1113, 1232, 2192, 923, 864, 1134, 1858, 861, 2184, 699, 586, 2128, 820, 583, 498, 740, 961, 659, 326, 279, 2031, 1495, 1116, 787, 782, 653, 520, 450, 395, 14998, 12738, 
